{
    "total": [
        -0.3169655861416379,
        0.33682005993438074,
        0.31216243959906276,
        0.6817238919657831,
        0.7095950266583789,
        0.7126311621879338,
        0.7990685805688089,
        0.7740642864524406,
        0.9473743141081201,
        0.9481721822551112,
        0.8554809339727223,
        0.9355116941477346,
        0.8330272483108784,
        0.9071270180226906,
        0.9991032511083107,
        0.8565026921928581,
        0.9601343919603764,
        0.8756350898520084,
        0.9652106936797809,
        0.9122247860605371,
        0.9270656815443431,
        0.843523387099389,
        0.8645823723556296,
        0.9381811316469367,
        0.9556767095021644,
        0.9550140850090308,
        0.9022995769634647,
        0.98596701066343,
        0.9260718705604265,
        0.8922327748647527,
        0.9092305920685197,
        0.9422234892629173,
        0.9923871549591082,
        0.9459788007760551,
        0.9840917948695033,
        0.8818951158034409,
        0.840308967785262,
        0.9167002680404955,
        0.9456310957990356,
        1.0032045918199466,
        0.9100236603198963,
        0.9432457557753222,
        0.9376210253221832,
        0.957373296376795,
        0.9992608860653975,
        0.9946294575829466,
        0.975073598290178,
        0.9184485050387281,
        0.9435962370139789,
        0.9436885707734668,
        0.9166655475053547,
        0.9549365662149091,
        0.8824756823136439,
        0.9548242243861035,
        -0.13398712430583756,
        0.9839181476450319,
        0.992930511188878,
        0.9078780153713462,
        1.0021693500849458,
        0.9171509914575593
    ],
    "computation": [
        -0.00014800031244518175,
        0.35215173553626883,
        0.33529915812678907,
        0.754457987764556,
        0.7297445187791395,
        0.7700976970916782,
        0.820704710565994,
        0.7985145314015023,
        0.9793779051566804,
        0.9789025370196265,
        0.9787766652605001,
        0.9794272214575985,
        0.9423237081452479,
        0.9337561878520437,
        1.0264307985183017,
        0.9373251411010572,
        1.019289162720929,
        0.9609228461669869,
        1.0131143475713598,
        0.9345818668420337,
        0.9604590692459991,
        0.9895663509178881,
        0.8913877969639188,
        0.9659485477092916,
        0.9967720966917677,
        0.9797758015679114,
        0.9487950950723615,
        1.010151794279939,
        0.9451910535982252,
        1.0191131574609291,
        0.9328033098983377,
        0.9932238031744225,
        1.005328262774371,
        0.9670751413726105,
        1.004681150941372,
        0.957980011693364,
        0.9616199225699061,
        0.9592855736996333,
        0.9856048176828998,
        1.0189484257108936,
        0.9781748970256755,
        0.9694524325098091,
        0.9772085405450316,
        0.9882357935327029,
        1.0391195586742412,
        1.0183898155637707,
        1.0120148603446775,
        0.9552733582529177,
        0.9795400141424772,
        0.9634202728356414,
        0.970771802611973,
        0.9723752253099033,
        0.9567552704994234,
        0.9902291550898801,
        1.0211528475077132,
        1.0094444226329315,
        1.0196904706977317,
        0.9518180463190988,
        1.0240110436876784,
        0.9891432289158372
    ],
    "cost": [
        0.3168175858291925,
        0.015331675601888136,
        0.023136718527726315,
        0.07273409579877288,
        0.02014949212076053,
        0.057466534903744516,
        0.021636129997185245,
        0.024450244949061742,
        0.03200359104856043,
        0.030730354764515348,
        0.12329573128777778,
        0.043915527309863894,
        0.10929645983436935,
        0.026629169829353365,
        0.027327547409990837,
        0.08082244890819923,
        0.05915477076055249,
        0.08528775631497824,
        0.047903653891579044,
        0.022357080781496744,
        0.03339338770165631,
        0.14604296381849913,
        0.026805424608288886,
        0.027767416062354906,
        0.041095387189603136,
        0.024761716558880483,
        0.04649551810889657,
        0.024184783616508897,
        0.01911918303779874,
        0.12688038259617618,
        0.023572717829818172,
        0.05100031391150493,
        0.012941107815263114,
        0.02109634059655561,
        0.02058935607186859,
        0.07608489588992326,
        0.12131095478464413,
        0.04258530565913763,
        0.0399737218838641,
        0.01574383389094664,
        0.06815123670577919,
        0.02620667673448681,
        0.0395875152228485,
        0.03086249715590771,
        0.03985867260884404,
        0.023760357980823977,
        0.03694126205449948,
        0.036824853214189684,
        0.03594377712849839,
        0.019731702062174852,
        0.05410625510661844,
        0.017438659094994213,
        0.07427958818577948,
        0.035404930703776705,
        1.1551399718135507,
        0.025526274987899705,
        0.026759959508853494,
        0.043940030947752465,
        0.02184169360273295,
        0.07199223745827785
    ]
}