{
    "total": [
        -0.7904785464731552,
        0.7252874830203782,
        0.7854020223428563,
        0.7706830489542906,
        0.8864999225429295,
        0.7892187921598147,
        0.8900520492628757,
        0.9198624173020582,
        0.8554112225143473,
        0.804627031555915,
        0.8089097176305149,
        0.8186868862966244,
        0.862612636479172,
        0.8972613541975774,
        0.830241042670121,
        0.8164275606362142,
        1.042610139370102,
        0.8410250061685949,
        0.8404103903796182,
        0.7630342369471163,
        0.8863636017431477,
        0.2472920149281705,
        0.9552343283713786,
        0.8897385408500114,
        0.7403867155380242,
        0.47176928882765967,
        0.09664966263734986,
        0.9451999977453147,
        0.3763312689190273,
        -0.018314613181325295,
        0.1016129727805423,
        0.1626816212212883,
        0.4895414932401357,
        0.005099262050842601,
        0.6313792787089137,
        0.7368207953905196,
        0.5231211731258815,
        0.8470299937241856,
        0.7267931231297782,
        0.7267672846657328,
        0.6248525211313778,
        0.28282692335601733,
        0.19301818998960252,
        0.6718196801506789,
        0.8402603778780154,
        0.8444417674073555,
        0.9655963757671874,
        0.7885104119746136,
        0.5786813965073961,
        0.8881553460872625,
        0.9556970991489632,
        -0.3655958120826462,
        0.954907049805095,
        0.8694414289353594,
        0.8822061185176157,
        0.9898910211994398,
        0.3473094154656941,
        0.5846098894833281,
        1.0640899138155544,
        0.7461227270297901
    ],
    "computation": [
        -0.7761834461601788,
        0.7836961252226019,
        0.8359769856566427,
        0.8612672728869644,
        0.9574993618971492,
        0.830609131800081,
        0.9367725783853112,
        0.9724854291678346,
        0.8960442519537437,
        0.8731521518427199,
        0.8464521825925961,
        0.8789230194785775,
        0.9541823913404555,
        0.9838992049692754,
        0.8874268317632715,
        0.8894825575930442,
        1.0838529263965715,
        0.8741726045251241,
        0.9068785849653992,
        0.8638925186176962,
        0.9327298661778315,
        0.27175335412948487,
        1.0137272910324515,
        0.9871135765891472,
        0.7714896550196663,
        1.0038942009977938,
        0.11402695706691386,
        1.0509675209110085,
        0.41499320656684907,
        0.009633153762491428,
        0.12872992901244826,
        0.18969829511465114,
        0.5161245321067736,
        0.041928634806203575,
        0.6926869756382122,
        0.8073560337224013,
        0.5456659730403208,
        0.8854453213310443,
        0.7685595857886967,
        0.8404935345367512,
        0.6514482237563868,
        0.30716618996577005,
        0.2480807044408592,
        0.8158120539091589,
        0.9249957345794269,
        0.8720592732912801,
        1.0024185768484144,
        0.877292158507875,
        0.6097868276966667,
        0.9402909402029286,
        0.9804747579010373,
        -0.34517729255645435,
        1.0547602924039157,
        0.958555440768939,
        0.9092425854671843,
        1.0307383802365238,
        0.40918038107206806,
        0.6150815454687788,
        1.1058870110166328,
        0.811283894570223
    ],
    "cost": [
        0.014295100312976459,
        0.0584086422022236,
        0.05057496331378634,
        0.09058422393267344,
        0.07099943935421983,
        0.041390339640266297,
        0.046720529122435336,
        0.05262301186577654,
        0.040633029439396486,
        0.0685251202868049,
        0.03754246496208131,
        0.06023613318195298,
        0.09156975486128338,
        0.08663785077169799,
        0.05718578909315046,
        0.07305499695682972,
        0.04124278702646926,
        0.03314759835652905,
        0.06646819458578104,
        0.10085828167058006,
        0.046366264434683745,
        0.02446133920131436,
        0.05849296266107297,
        0.0973750357391356,
        0.03110293948164225,
        0.532124912170134,
        0.017377294429563993,
        0.10576752316569393,
        0.038661937647821706,
        0.02794776694381675,
        0.02711695623190613,
        0.027016673893362785,
        0.026583038866637893,
        0.036829372755360995,
        0.06130769692929833,
        0.0705352383318821,
        0.022544799914439407,
        0.03841532760685849,
        0.04176646265891855,
        0.11372624987101836,
        0.026595702625009106,
        0.024339266609752656,
        0.05506251445125669,
        0.14399237375848004,
        0.08473535670141148,
        0.027617505883924455,
        0.03682220108122723,
        0.08878174653326137,
        0.031105431189270644,
        0.05213559411566614,
        0.024777658752074022,
        0.020418519526191815,
        0.09985324259882075,
        0.08911401183357938,
        0.027036466949568433,
        0.04084735903708377,
        0.06187096560637402,
        0.030471655985450617,
        0.04179709720107868,
        0.06516116754043275
    ]
}