{
    "total": [
        -4.146478036068892,
        0.32329898013214114,
        0.25334238323295744,
        0.35110816897781066,
        0.5944819783910927,
        0.5017998274312447,
        0.6281173406587555,
        0.5074815313630292,
        0.7336270227202525,
        0.4901823488416544,
        0.19475380826240657,
        0.38641589116395997,
        0.48993439849143916,
        0.7440482599722392,
        0.544439832536562,
        0.3549424375007152,
        0.4285009147335616,
        0.23863385016931873,
        0.3875872451149629,
        0.029394560367889105,
        -0.427399313691586,
        0.011617005251131097,
        0.017539727788341175,
        0.5462443379638138,
        0.5046180005397419,
        0.5678678101726568,
        0.45298509705420653,
        0.38092117651813656,
        0.5804955642805785,
        0.7165786085773672,
        0.5723399797920452,
        0.37738933317338424,
        0.5513555675227567,
        0.5437525281331702,
        0.4939867192797821,
        -0.8960521854858877,
        0.11101471219388614,
        0.5109953600543942,
        0.4515190753037731,
        0.6378885051234547,
        0.43709603827558186,
        0.5361495506112429,
        0.41839476797765063,
        0.24191553820761952,
        0.6965548477448662,
        0.5961360920526789,
        -0.060850325289437845,
        0.3415919267808824,
        0.3432470422771135,
        -0.1412140716680994,
        0.21444196173425795,
        0.6254673349402678,
        0.27298032064798783,
        0.24232210410469465,
        -10.826282067107684,
        0.3445630066861734,
        0.6502457046027017,
        0.5539101453072282,
        0.6380423686328198,
        0.5362988273037306
    ],
    "computation": [
        -1.1550158186166517,
        0.4084755547655412,
        0.4063400956942849,
        0.7589849725057933,
        0.7309965453308641,
        0.6700849791633631,
        0.7482278164415208,
        0.766529789398702,
        0.8341612518714421,
        0.6656545196278325,
        0.3426976292019779,
        0.7142812137674986,
        0.8471962432857415,
        0.8112863451374185,
        0.7076819858670007,
        0.7198841236634967,
        0.7861769760956253,
        0.7913218610969495,
        0.5965465427255093,
        0.1606040027482149,
        -0.06416620776603824,
        0.8264929675325672,
        0.15016546683025442,
        0.7413530095770197,
        0.7780698616020267,
        0.7314318422723303,
        0.5999153684727812,
        0.7194818773960904,
        0.7319258524962494,
        0.7950494881570416,
        0.6747999560697797,
        0.7624834734461498,
        0.7813776375708278,
        0.6843570907439777,
        0.6571638312961854,
        0.7596902403167543,
        0.4717931528343171,
        0.7033369705727776,
        0.5387333448076139,
        0.7212611034585498,
        0.6201370096567131,
        0.8257901809869296,
        0.656153947100111,
        0.6638785345831356,
        0.826332949635017,
        0.7921101098524292,
        0.3962187440892734,
        0.6046238113347976,
        0.49107771727672417,
        0.3429288027237863,
        0.6689238455340101,
        0.7268870986558736,
        0.6728355116364451,
        0.7998981688043382,
        0.6747944804452961,
        0.6665243481155347,
        0.8279714158388536,
        0.8493684117959537,
        0.8077916820067367,
        0.7417185440735821
    ],
    "cost": [
        0.29914622174522404,
        0.008517657463340019,
        0.015299771246132746,
        0.04078768035279827,
        0.013651456693977146,
        0.016828515173211822,
        0.012011047578276559,
        0.025904825803567306,
        0.010053422915118966,
        0.0175472170786178,
        0.014794382093957129,
        0.032786532260353864,
        0.035726184479430226,
        0.006723808516517911,
        0.016324215333043877,
        0.036494168616278175,
        0.03576760613620635,
        0.05526880109276307,
        0.020895929761054637,
        0.013120944238032579,
        0.036323310592554774,
        0.08148759622814361,
        0.013262573904191322,
        0.019510867161320583,
        0.027345186106228457,
        0.016356403209967334,
        0.014693027141857459,
        0.033856070087795384,
        0.015143028821567104,
        0.007847087957967437,
        0.010245997627773448,
        0.03850941402727654,
        0.023002207004807092,
        0.014060456261080745,
        0.016317711201640335,
        0.16557424258026426,
        0.0360778440640431,
        0.019234161051838332,
        0.008721426950384085,
        0.008337259833509483,
        0.018304097138113117,
        0.028964063037568672,
        0.02377591791224602,
        0.04219629963755161,
        0.012977810189015074,
        0.01959740177997504,
        0.04570690693787111,
        0.026303188455391507,
        0.014783067499961056,
        0.048414287439188526,
        0.04544818837997522,
        0.01014197637156057,
        0.039985519098845713,
        0.055757606469964346,
        1.1501076547552977,
        0.03219613414293614,
        0.017772571123615195,
        0.029545826648872547,
        0.016974931337391686,
        0.020541971676985148
    ]
}