{
    "total": [
        -12.78076843064545,
        -0.8573452034575562,
        -0.4830554381529394,
        -0.7682390722145256,
        0.39758040537050393,
        0.15581849801424733,
        -0.2025630840890232,
        -0.46652630702895304,
        -0.4860843087750214,
        -0.4030125337420053,
        -1.0134445640960432,
        -0.8002218192802293,
        0.031204547821490326,
        -0.8871749377016911,
        -0.06523827059242433,
        0.010175417938857748,
        -1.0754488339264585,
        -1.0863851578947545,
        -0.4247322819279078,
        -0.22583757436241997,
        -0.6301442624204792,
        -1.9066197853340117,
        0.15774966780824204,
        0.16878760453132416,
        -0.1498000627813101,
        0.07903734229811006,
        0.10510880913638113,
        -0.4284049890674975,
        0.07271618625426374,
        -0.8830264591573214,
        0.46494312534907867,
        -0.06372348111160014,
        -0.22236039709882052,
        -0.6544701761270248,
        0.22828247386757408,
        -4.015749409096987,
        -1.7895818145577018,
        0.40186228908532967,
        -0.4860593045858822,
        -0.0818632561264985,
        -0.8139250323000539,
        -0.1914083299648663,
        0.1857241101936335,
        -0.38134455365637493,
        -1.1943665727866297,
        -1.5116102638846691,
        -2.239940370330902,
        -0.9506585401167292,
        -1.3851126388172372,
        -0.17420818091089818,
        -0.7197233200317411,
        -0.44798919929073433,
        -1.1337449485398188,
        -2.0902824741656802,
        0.048540148738691606,
        0.16369643149160207,
        0.21493935937290914,
        -0.5262774385599747,
        0.08796374932518987,
        -1.5403318504882815
    ],
    "computation": [
        -0.2910209743032599,
        -0.22519686335911282,
        0.29396154703880545,
        0.41777368199673914,
        0.6308502097281504,
        0.6203706976118866,
        0.3649946097661713,
        0.09245106732678052,
        -0.07412473656121579,
        -0.021494603878119207,
        0.2692203458136479,
        0.4070917323467592,
        0.6788808081868098,
        -0.002027920661709809,
        0.4035013126709094,
        0.3066948889069521,
        0.38780725426458734,
        0.24268335298671717,
        0.2565406668642212,
        0.07659056602357525,
        -0.19439871286221763,
        0.1264538954657723,
        0.5381809680193157,
        0.6020656850869626,
        0.2707940048614029,
        0.4462281955727006,
        0.5382450111273116,
        -0.06783022730565755,
        0.3521347633805073,
        0.6317760293161212,
        0.617788011417778,
        0.6836407861374233,
        0.8131361245165871,
        0.04808698618791357,
        0.4481147069937802,
        -0.18307229935843713,
        -0.028668771002324754,
        0.5487318284021017,
        0.4999163568632553,
        0.15755782759208478,
        -0.4652281554596767,
        0.38467896404213,
        0.48259129002093254,
        0.1466069398541607,
        -0.8616124737569095,
        -1.065864003472818,
        -1.2500327269221057,
        -0.3906256949227489,
        -1.0985536091368076,
        0.24465006615091545,
        -0.17760770950130772,
        -0.17918653207965526,
        0.3569199376644365,
        -0.2046826740662601,
        0.3321643818993608,
        0.5003280943150397,
        0.7414472257160043,
        0.3691264126466837,
        0.5633869197771879,
        0.42693692296842034
    ],
    "cost": [
        0.31224368640855493,
        0.015803708502461086,
        0.01942542462979362,
        0.02965031885528162,
        0.005831745108941161,
        0.01161380498994098,
        0.01418894234637986,
        0.013974434358893343,
        0.01029898930534514,
        0.009537948246597152,
        0.032066622747742274,
        0.03018283879067471,
        0.016191906509132988,
        0.02212867542599952,
        0.011718489581583344,
        0.007412986774202363,
        0.03658140220477616,
        0.03322671277203678,
        0.017031823719803225,
        0.00756070350964988,
        0.010893638738956542,
        0.0508268420199946,
        0.00951078250527684,
        0.010831952013890965,
        0.010514851691067823,
        0.009179771331864761,
        0.01082840504977326,
        0.009014369044045999,
        0.006985464428156089,
        0.03787006221183607,
        0.00382112215171748,
        0.01868410668122559,
        0.025887413040385193,
        0.01756392905787347,
        0.005495805828155153,
        0.09581692774346373,
        0.0440228260888844,
        0.0036717384829193004,
        0.024649391536228436,
        0.005985527092964582,
        0.008717421921009433,
        0.014402182350174906,
        0.0074216794956824764,
        0.013198787337763394,
        0.008318852475743,
        0.011143656510296276,
        0.024747691085219924,
        0.014000821129849508,
        0.007163975742010745,
        0.010471456176545343,
        0.013552890263260838,
        0.006720066680276975,
        0.03726662215510635,
        0.04713999500248552,
        0.007090605829016728,
        0.008415791570585942,
        0.013162696658577375,
        0.022385096280166456,
        0.011885579261299958,
        0.04918171933641756
    ]
}