{
    "total": [
        -0.9280044789139665,
        0.7862783818611019,
        0.6690258943528473,
        0.8020195524906389,
        0.4129722383548963,
        0.9021693817645327,
        0.9565464340886816,
        0.6479741787808708,
        0.6964248373106712,
        1.0284567589613616,
        0.9798215703379298,
        0.9789239913368946,
        0.8083282611806851,
        -0.3496275642269685,
        1.0400378387767613,
        0.9996115355879551,
        0.6508013121715017,
        0.6840289900787652,
        1.0567835860573265,
        0.9772218773909704,
        0.1053926634698898,
        0.9073787657950607,
        0.8006912636019481,
        0.9582188388612904,
        1.0367420865503552,
        0.8827270575881595,
        0.16627569762325375,
        1.0249056265836716,
        1.042764589507323,
        1.0551742127017054,
        0.8975841691880477,
        0.9381801127986666,
        0.6346063098413919,
        0.9226848952271997,
        0.8146934461083433,
        0.955993593969073,
        1.035541151145863,
        0.8083408680978218,
        0.4571980761227928,
        0.8834581021300159,
        0.8125832433866877,
        1.0746046911715523,
        0.9770698998929233,
        0.6525044622786147,
        0.38183280455804003,
        1.0059666081152614,
        0.9207718822217574,
        -0.9440683933237036,
        1.054123230815804,
        0.9122797152115159,
        0.9129378271556258,
        0.7312914664426703,
        0.8096381448604092,
        1.1051840712837777,
        1.058783499454448,
        1.0575062097619043,
        1.0446014827477088,
        1.0177578629347208,
        0.9885920666933956,
        0.6808345776356665
    ],
    "computation": [
        -0.9128904776032144,
        0.8162909743855937,
        0.9004968933793867,
        0.9246564952069974,
        0.4381821835025006,
        0.9689927258806799,
        0.9841448808673035,
        0.6759978620377479,
        0.719325607714144,
        1.1182361707046453,
        1.006926960730344,
        1.0106503314577455,
        0.842752480208431,
        -0.3018173620202019,
        1.0834793656248471,
        1.0584978418443252,
        0.6692384685681942,
        0.8928624258805111,
        1.0944154311059608,
        1.074606372493408,
        0.11984406068970677,
        0.9661835545539542,
        1.0550234453351799,
        1.0049774142044778,
        1.0899303535751064,
        0.9297518476789101,
        0.26360199103279164,
        1.1074917719592128,
        1.0808957001709802,
        1.1286519153209043,
        0.9455188572980134,
        0.978641431734553,
        0.6600201540246174,
        0.9723397675212752,
        0.8406624071119166,
        1.011596893966195,
        1.1023938307638248,
        0.8633254428786185,
        0.5101001620063174,
        0.9344776523305406,
        1.0102467569829767,
        1.1257874751040013,
        1.0417218829965174,
        0.6916238218458894,
        0.4028611378091946,
        1.0521398719370818,
        0.9702695788364188,
        0.6896699784648959,
        1.1156192644066034,
        1.0126503137389626,
        0.9995864575402933,
        0.8027342765404726,
        0.973575274991148,
        1.1495928506205075,
        1.1206002712826202,
        1.1183922827535815,
        1.09888137442322,
        1.0822204676775762,
        1.0699999371015818,
        0.7216961549684043
    ],
    "cost": [
        0.015114001310751937,
        0.030012592524492114,
        0.23147099902653925,
        0.12263694271635854,
        0.02520994514760419,
        0.06682334411614729,
        0.027598446778621638,
        0.028023683256877235,
        0.02290077040347277,
        0.08977941174328395,
        0.027105390392414004,
        0.03172634012085108,
        0.034424219027745784,
        0.04781020220676665,
        0.04344152684808571,
        0.058886306256370334,
        0.01843715639669252,
        0.20883343580174613,
        0.03763184504863441,
        0.09738449510243774,
        0.014451397219816985,
        0.05880478875889341,
        0.2543321817332319,
        0.04675857534318766,
        0.0531882670247511,
        0.047024790090750584,
        0.09732629340953781,
        0.08258614537554115,
        0.038131110663657215,
        0.0734777026191989,
        0.04793468810996575,
        0.040461318935886635,
        0.025413844183225443,
        0.049654872294075406,
        0.025968961003573505,
        0.05560329999712208,
        0.06685267961796212,
        0.05498457478079642,
        0.05290208588352454,
        0.051019550200524566,
        0.1976635135962889,
        0.051182783932448725,
        0.0646519831035943,
        0.039119359567274775,
        0.02102833325115443,
        0.04617326382182025,
        0.04949769661466139,
        1.6337383717885998,
        0.061496033590799734,
        0.10037059852744676,
        0.08664863038466755,
        0.07144281009780243,
        0.16393713013073893,
        0.04440877933673028,
        0.06181677182817193,
        0.06088607299167694,
        0.0542798916755111,
        0.06446260474285545,
        0.08140787040818614,
        0.04086157733273767
    ]
}