{
    "total": [
        -4.844523337192334,
        8.317220107296285,
        9.283027445797504,
        9.956823195282194,
        9.854428891935441,
        9.226531925076587,
        9.557526249598963,
        9.636013088564393,
        10.077396062325,
        10.035637501118714,
        8.743965237382408,
        9.633244439163475,
        9.914179433834025,
        9.33633200835292,
        10.256475847078786,
        9.357908052078779,
        10.13557221519575,
        9.426201544663238,
        9.821042454056672,
        9.48879415224615,
        9.343516985022335,
        8.694629380803075,
        9.429199610525881,
        9.960930408574914,
        10.096446264256812,
        9.55310086053711,
        9.167929825361112,
        9.504596315635338,
        9.329545696762095,
        10.135830766427109,
        9.6299584678714,
        9.810512993878017,
        9.449894505813848,
        8.98076874872057,
        9.603361284000053,
        8.409845251308525,
        8.676735773829536,
        9.50505218989783,
        9.422194918045678,
        10.196018353615196,
        8.866851183450525,
        9.416094637812432,
        9.926320196117945,
        10.274504548114134,
        9.968585885804009,
        9.651117703204287,
        9.588926130380877,
        9.064447818072004,
        9.584650304227324,
        9.471372514909564,
        9.26828579054379,
        9.473151539999792,
        8.821212107231156,
        9.759782000369906,
        -1.5523681604400497,
        9.479212597037472,
        10.151261112478277,
        9.325296877719683,
        9.97393041672478,
        8.915444157588835
    ],
    "computation": [
        -2.638528772360065,
        8.475043435754404,
        9.613330287339647,
        10.346460147392328,
        10.065183346782723,
        9.65531835917569,
        9.916106172426549,
        9.883699901781785,
        10.319871483580707,
        10.251366656205622,
        9.984163267491276,
        10.0726878823706,
        10.256770904812182,
        9.638638772322803,
        10.462282295482227,
        9.648712135979858,
        10.632497324252128,
        10.001921081111629,
        9.98710719293042,
        9.755593582547375,
        9.659640558843696,
        9.880173857735906,
        9.721942958962094,
        10.190160086133892,
        10.257782739535847,
        9.739657308633523,
        9.48180502809566,
        9.897695686668031,
        9.56311818080224,
        10.57968738347476,
        9.866231359376123,
        10.089532421353614,
        9.708167168797456,
        9.264236735263164,
        9.92055270115951,
        9.892335609590022,
        9.867286085864325,
        9.798409189761683,
        9.891105479550767,
        10.29584087088234,
        9.670801679976533,
        9.770605619283328,
        10.107110533022002,
        10.382446406490644,
        10.376164846593186,
        9.809370478101851,
        9.96355308216605,
        9.3026775365764,
        9.843410780314565,
        10.050280168621892,
        9.588449053788178,
        9.662925557130189,
        9.712295641255762,
        10.379806155675103,
        10.062470293030929,
        9.882014300471733,
        10.39126620480369,
        9.712038809118605,
        10.284325750340114,
        9.687572513973391
    ],
    "cost": [
        2.205994564832269,
        0.15782332845811883,
        0.3303028415421424,
        0.38963695211013283,
        0.2107544548472818,
        0.4287864340991024,
        0.358579922827584,
        0.24768681321739167,
        0.24247542125570737,
        0.21572915508690685,
        1.2401980301088684,
        0.439443443207123,
        0.3425914709781564,
        0.3023067639698832,
        0.20580644840344098,
        0.2908040839010771,
        0.49692510905637943,
        0.5757195364483947,
        0.16606473887374526,
        0.26679943030122377,
        0.3161235738213617,
        1.1855444769328292,
        0.29274334843621136,
        0.2292296775589798,
        0.16133647527903416,
        0.1865564480964091,
        0.3138752027345501,
        0.39309937103269327,
        0.23357248404014883,
        0.44385661704764967,
        0.23627289150472103,
        0.2790194274755971,
        0.25827266298360846,
        0.28346798654259125,
        0.31719141715945665,
        1.4824903582814983,
        1.190550312034791,
        0.2933569998638537,
        0.4689105615050891,
        0.09982251726714556,
        0.8039504965260095,
        0.354510981470898,
        0.18079033690405505,
        0.10794185837651304,
        0.40757896078917655,
        0.1582527748975644,
        0.3746269517851729,
        0.2382297185043946,
        0.2587604760872416,
        0.5789076537123253,
        0.3201632632443884,
        0.18977401713039732,
        0.8910835340246079,
        0.6200241553051963,
        11.614838453470975,
        0.40280170343425914,
        0.24000509232541,
        0.3867419313989232,
        0.3103953336153356,
        0.7721283563845562
    ]
}