{
    "total": [
        0.15924989077615048,
        0.4800715523194299,
        0.6293714151054657,
        0.7763432301578916,
        0.8490281612990189,
        0.748245266338748,
        0.8667873863080022,
        0.03580138882602979,
        0.6625158715141033,
        0.8996170123777896,
        0.7491938269842775,
        0.8406552979566108,
        0.8858310305383814,
        0.8181741326247751,
        0.7886922878375721,
        0.8504946406682243,
        0.9172252475422926,
        0.9689128286506034,
        0.9647362778735579,
        0.9841148093399081,
        0.7970120184185436,
        0.8211709830003631,
        0.7474980306141572,
        0.8735678507227806,
        0.955655878085547,
        1.0022865090273392,
        1.010332957436797,
        0.9317825013786564,
        0.8891560282647608,
        0.9310639970742658,
        0.9921045674514645,
        0.6718607298249555,
        0.8240550227586988,
        0.9382340876718033,
        0.8637479341914384,
        0.9990890266388524,
        0.8841470398895336,
        0.8872626134641264,
        0.8854341110197467,
        1.0156355042710428,
        0.9134400577909852,
        0.9922675367675751,
        0.8584473870753196,
        0.9950077004714826,
        1.0524553702256598,
        0.9174805598356057,
        0.6848018083114563,
        0.9957118031096881,
        0.7658502062196758,
        0.8906459852522494,
        0.9592228028422618,
        1.0306336593299472,
        1.024782905424369,
        0.8226756856454316,
        1.0092160893269182,
        0.9236130718752722,
        0.8780233721696055,
        0.8238197893342705,
        0.9877706401697479,
        0.8920140010818944
    ],
    "computation": [
        0.24179927123097095,
        0.5091668576484948,
        0.728665283786589,
        0.819898550239064,
        0.8697796291261419,
        0.7925394942373353,
        0.8920805762464852,
        0.06039710888846228,
        0.6905918844899468,
        0.9336284032423592,
        0.817200695844487,
        0.8741122665933174,
        0.9329751433696114,
        0.8879894494622587,
        0.8833078977140657,
        0.9599508372701291,
        0.9577328500163841,
        1.0318901490393326,
        0.9976389399245459,
        1.0375838850253687,
        0.8500182922993946,
        0.879960498930525,
        0.8526236464423244,
        0.928943888989385,
        1.0038557089599747,
        1.0519803096911118,
        1.0701764856114675,
        0.995255538921729,
        0.9233193198490334,
        0.9978091852796652,
        1.051218265084864,
        1.002725014653439,
        1.0111310969722707,
        0.995179821554167,
        0.9234253733988403,
        1.053263139191866,
        0.9641044892355254,
        1.0233476538147739,
        0.9161760693168937,
        1.062165593166518,
        1.0557617042576748,
        1.0213730318798473,
        0.9474300798082457,
        1.0177936387729942,
        1.081546235391471,
        1.014118494921002,
        0.8868481391962109,
        1.0260595178420282,
        1.0289690330064398,
        1.0699486071136173,
        1.0267175122634473,
        1.0760884580446062,
        1.0663412774276184,
        1.0025831718349276,
        1.0668584145738416,
        0.989643943591821,
        0.9504998267065774,
        0.9730497999606079,
        1.034167466021524,
        0.9573077746272709
    ],
    "cost": [
        0.08254938045482041,
        0.02909530532906493,
        0.09929386868112348,
        0.04355532008117244,
        0.020751467827122942,
        0.04429422789858718,
        0.025293189938482917,
        0.024595720062432522,
        0.028076012975843546,
        0.03401139086456942,
        0.06800686886020949,
        0.033456968636706816,
        0.04714411283123011,
        0.06981531683748358,
        0.09461560987649345,
        0.1094561966019045,
        0.040507602474091395,
        0.06297732038872925,
        0.03290266205098787,
        0.0534690756854605,
        0.05300627388085081,
        0.058789515930161906,
        0.10512561582816726,
        0.055376038266604345,
        0.04819983087442788,
        0.049693800663772957,
        0.05984352817467035,
        0.06347303754307272,
        0.03416329158427242,
        0.06674518820539936,
        0.05911369763339969,
        0.3308642848284837,
        0.18707607421357206,
        0.056945733882363625,
        0.059677439207402,
        0.05417411255301333,
        0.07995744934599172,
        0.13608504035064745,
        0.03074195829714698,
        0.046530088895475295,
        0.14232164646668954,
        0.02910549511227222,
        0.088982692732926,
        0.02278593830151158,
        0.02909086516581134,
        0.09663793508539645,
        0.20204633088475457,
        0.030347714732340037,
        0.263118826786764,
        0.17930262186136792,
        0.06749470942118554,
        0.04545479871465903,
        0.04155837200324953,
        0.1799074861894962,
        0.05764232524692368,
        0.06603087171654876,
        0.07247645453697202,
        0.1492300106263375,
        0.04639682585177634,
        0.06529377354537631
    ]
}