{
    "total": [
        -0.8479331796534012,
        0.7369784695240006,
        0.669327908826667,
        0.8249218988246281,
        0.9203770562681675,
        0.8419378258153539,
        0.9491304342619653,
        0.7529463775458651,
        0.4853148266455364,
        0.6952570885442313,
        1.0651395600125346,
        0.840084761256328,
        0.47487741176482573,
        -0.4235351302267899,
        0.3404168430640748,
        0.7195086625729245,
        0.6898102159677888,
        0.909892058823426,
        0.9346428609484161,
        0.6677279954428228,
        0.3688706248361814,
        0.6036011925041378,
        0.6344393920308969,
        0.390873890514234,
        0.836562659530701,
        0.5473169108486176,
        -0.11919632685341508,
        -0.39215147106712045,
        0.9678458860812921,
        0.8930511113510609,
        0.539491714550532,
        0.8105022794259972,
        0.7901366614656248,
        0.509864423609791,
        0.8812210706608354,
        1.0533509087185888,
        0.8374330435749828,
        0.8645580677629585,
        1.0151198103655004,
        -0.04262481722184065,
        0.7647814016742569,
        -0.5731143028363697,
        1.0535051780961446,
        -0.36920500335441997,
        0.8832396098722338,
        0.798729361038997,
        0.9227986206853837,
        0.9028293982432147,
        0.2946590183625231,
        0.6348292273626572,
        0.12665481353097283,
        1.0423683741215606,
        -0.9863009040226679,
        0.8301327900983899,
        1.0798732688051984,
        0.9016316878002566,
        0.7369352726437747,
        0.3675308011239977,
        0.7183974123875068,
        0.992616706300628
    ],
    "computation": [
        -0.8214362258357498,
        0.795785947390782,
        0.9143064341697853,
        0.9034841998143616,
        0.9691139571035116,
        0.9548396356961077,
        1.08710905430961,
        0.8173798286951157,
        0.6275250915064513,
        0.7220309982730788,
        1.1358111307768368,
        0.8743837335958281,
        0.5547884405829897,
        -0.39410577324460583,
        0.38905566617163434,
        0.749943615691947,
        0.9106203591227828,
        1.0223270728410168,
        0.9627401132550999,
        1.010301047270286,
        0.986219464164163,
        0.630420470854492,
        0.7022406133803379,
        0.4256601467666874,
        1.0052441928575828,
        0.5718393778299642,
        -0.09918758183311895,
        -0.3767009449095934,
        1.0055019495962922,
        0.9947477733084942,
        0.5795352291028228,
        0.9763934290357689,
        1.064859197163659,
        0.7213814087447655,
        0.9779768652031656,
        1.1039618838073795,
        0.913913123836469,
        0.937055286386423,
        1.0778886629083846,
        0.06591206851786997,
        0.8545969658801411,
        -0.5226917128542199,
        1.0922976300188485,
        -0.35024328862760673,
        1.0250872828670883,
        0.8637188671391158,
        0.978655835270873,
        0.9318785500309648,
        0.32468493561295075,
        0.9399043338755583,
        0.16933033466362848,
        1.092696605511382,
        -0.9689669858151528,
        0.9574577742505544,
        1.1279097150810211,
        1.0178664368729957,
        0.7717839358154569,
        0.38810781669985295,
        0.8396360557235896,
        1.0323465715966946
    ],
    "cost": [
        0.02649695381765154,
        0.058807477866781574,
        0.24497852534311818,
        0.07856230098973377,
        0.04873690083534408,
        0.11290180988075385,
        0.1379786200476445,
        0.06443345114925052,
        0.1422102648609148,
        0.02677390972884764,
        0.07067157076430206,
        0.03429897233949998,
        0.07991102881816405,
        0.029429356982183952,
        0.048638823107559466,
        0.030434953119022702,
        0.22081014315499387,
        0.11243501401759096,
        0.028097252306683945,
        0.34257305182746345,
        0.6173488393279816,
        0.026819278350354248,
        0.06780122134944092,
        0.034786256252453365,
        0.16868153332688182,
        0.02452246698134656,
        0.02000874502029616,
        0.015450526157527091,
        0.0376560635150001,
        0.10169666195743324,
        0.04004351455229077,
        0.1658911496097717,
        0.274722535698034,
        0.21151698513497458,
        0.09675579454233033,
        0.05061097508879051,
        0.07648008026148628,
        0.07249721862346457,
        0.06276885254288427,
        0.10853688573971061,
        0.08981556420588409,
        0.05042258998214992,
        0.03879245192270398,
        0.01896171472681319,
        0.14184767299485457,
        0.06498950610011862,
        0.055857214585489014,
        0.029049151787750215,
        0.03002591725042759,
        0.30507510651290093,
        0.04267552113265564,
        0.050328231389821655,
        0.01733391820751496,
        0.1273249841521646,
        0.04803644627582268,
        0.1162347490727392,
        0.03484866317168224,
        0.02057701557585519,
        0.12123864333608289,
        0.03972986529606659
    ]
}