{
    "total": [
        -1.1291667977820858,
        0.14373599014755878,
        0.4880891429574225,
        0.6366552877129311,
        0.6987776513618881,
        0.6159149386722205,
        0.8151830363557833,
        0.7610105677176322,
        0.5556157079867281,
        0.7876106735008893,
        0.9075155552686052,
        0.7824994918920575,
        0.7268550890538673,
        0.7893112660720052,
        0.7892470007436369,
        0.8223271720091418,
        0.8704678889297848,
        0.7929356033290379,
        0.8019577096252298,
        0.9123723128375862,
        0.8790348653873439,
        0.8366263849587353,
        0.7306359579878555,
        0.6255900375144562,
        0.3994258837161078,
        0.9143420027622181,
        0.9320055314312393,
        0.9599634600237612,
        0.9973040687379496,
        0.8526474229003405,
        0.8458602680947569,
        0.9931871454365424,
        0.910886802046036,
        0.9575043355953528,
        0.8584919530910641,
        0.9130228836784162,
        0.9265789898005975,
        0.95963192762358,
        0.745745620310693,
        0.6266211122318669,
        0.8781006220509884,
        0.9030058257893941,
        0.8095915007029884,
        0.8349187548017495,
        0.8883269249818543,
        0.8334202357527258,
        0.9094327197794121,
        0.8805441201298272,
        0.9329500692770207,
        0.9809684825094578,
        0.8041833006114374,
        0.9369931082042984,
        0.8870361461471635,
        0.92497640361513,
        0.99414410796415,
        0.93766290814164,
        0.8595529349651441,
        0.7378893414675894,
        0.9898704891571357,
        0.7598244967524165
    ],
    "computation": [
        -1.1242352918753122,
        0.2499212035765685,
        0.5184811681882204,
        0.6650644876195033,
        0.7640837652494492,
        0.6565871622235315,
        0.8397202364314449,
        0.7846807078995297,
        0.5828342938424103,
        0.8373526728587194,
        0.9449853737226256,
        0.8213909100227689,
        0.7817910831166355,
        0.8075266344789856,
        0.8946666467437977,
        0.8792543099482165,
        0.9031214973453331,
        0.8168128296077259,
        0.845329590844979,
        0.9634667030809275,
        0.9165136270296127,
        0.9029362969894109,
        0.7740011269003292,
        0.9003034339160998,
        0.96436368624665,
        0.9484326102227213,
        0.9673180288201995,
        0.9997400840016455,
        1.0225844726721318,
        0.881929849382691,
        0.9563406188720249,
        1.0489748595517896,
        0.9493969943983942,
        1.0044450441294317,
        1.0755241926574555,
        1.0095019155933351,
        0.9896085425770069,
        0.9960406895377755,
        0.8589570070771156,
        0.7700426392173357,
        0.9337522495526424,
        0.9496940124335413,
        0.8625060546118817,
        0.8771211940460487,
        0.9779491688340818,
        0.8813712715328798,
        0.9526058000115718,
        0.9026284617255185,
        0.9904782983078253,
        1.0259102538133078,
        0.8486077845987227,
        0.9784368985449365,
        0.9282728607437141,
        1.0029859104047747,
        1.0330262101488552,
        0.9764764078760612,
        0.9028066829941472,
        0.7799338279330057,
        1.0228959822760244,
        0.8626755781216933
    ],
    "cost": [
        0.004931505906773859,
        0.1061852134290097,
        0.030392025230797988,
        0.02840919990657239,
        0.06530611388756109,
        0.040672223551311074,
        0.024537200075661632,
        0.023670140181897618,
        0.027218585855682237,
        0.04974199935783008,
        0.037469818454020414,
        0.03889141813071133,
        0.05493599406276799,
        0.01821536840698053,
        0.10541964600016071,
        0.0569271379390747,
        0.032653608415548194,
        0.023877226278688043,
        0.04337188121974926,
        0.05109439024334121,
        0.037478761642269,
        0.06630991203067547,
        0.04336516891247368,
        0.27471339640164383,
        0.5649378025305427,
        0.03409060746050301,
        0.03531249738896033,
        0.03977662397788414,
        0.02528040393418197,
        0.029282426482350594,
        0.11048035077726788,
        0.0557877141152471,
        0.03851019235235834,
        0.046940708534079015,
        0.21703223956639178,
        0.09647903191491874,
        0.06302955277640913,
        0.03640876191419541,
        0.11321138676642258,
        0.14342152698546867,
        0.055651627501653846,
        0.0466881866441469,
        0.05291455390889347,
        0.04220243924429906,
        0.08962224385222736,
        0.047951035780154264,
        0.04317308023215988,
        0.022084341595690834,
        0.0575282290308045,
        0.04494177130384981,
        0.04442448398728536,
        0.04144379034063813,
        0.041236714596550525,
        0.07800950678964452,
        0.03888210218470513,
        0.03881349973442105,
        0.04325374802900315,
        0.04204448646541627,
        0.033025493118888534,
        0.10285108136927675
    ]
}