{
    "total": [
        -1.0296708315419243,
        0.7711254224011328,
        0.8012147924860831,
        0.7790314688213028,
        0.8977167390961277,
        -6.345353819899685,
        0.9729237280909067,
        0.5587708206754517,
        1.039045471825556,
        0.8279663984367023,
        0.9203891166991347,
        0.8542281056803744,
        0.9755970530192775,
        0.8323505770249028,
        0.28995967741571965,
        0.7124034332082922,
        0.9486355907995417,
        0.7080657006145262,
        0.9420855303137156,
        1.0121342622347567,
        0.9087167864225429,
        0.749361559765425,
        0.931546267148493,
        0.962291904208272,
        0.8142031085313889,
        0.9755381963033933,
        0.8862343334895357,
        0.7802378803219366,
        0.752566545550296,
        1.0349309638749111,
        0.851390173927417,
        0.9371834261319355,
        0.9076021898054053,
        0.9074306567059318,
        0.9664116669125724,
        0.9258086863174941,
        0.9362728838190542,
        1.0486219516596953,
        0.870387456740316,
        1.0853031137820173,
        0.7384510228102001,
        0.7524441098963324,
        0.9164287792578071,
        0.7793087499258711,
        0.43428004558452243,
        0.9312686506272133,
        0.8498012654711273,
        0.7586271830908217,
        -0.8076553783303222,
        0.7415990287291669,
        0.742223736424387,
        0.7041937991870875,
        0.06481044142283951,
        0.5680768623773519,
        0.774055559908416,
        0.8966619295348721,
        0.8658076077362631,
        0.9105664151807231,
        0.792011356239158,
        0.9740346966461226
    ],
    "computation": [
        -1.018938055695843,
        0.8104484529141356,
        0.8340172364301719,
        0.8427271642939443,
        0.9674756789593537,
        0.9947947197558458,
        1.0631415237784858,
        0.6699601046488333,
        1.0916948163083986,
        0.8767673630638386,
        0.9630395952223465,
        0.9669010331087133,
        1.0278814299568535,
        1.0331424169899803,
        0.3144877091417564,
        0.855335348426224,
        1.0164820974367357,
        0.7548377457317684,
        0.981297178782025,
        1.0880703652957557,
        1.0889794320794617,
        0.8616995579463795,
        1.002380960711278,
        1.022153161628495,
        0.8705826717520126,
        1.0368422413886595,
        1.0094991278307464,
        0.9511682569056406,
        0.8056814298241826,
        1.1041889211942282,
        1.0255064254869894,
        0.9987553064080934,
        0.9596267575554934,
        0.9766391937607084,
        1.014517560805678,
        1.0338077820460776,
        0.9832621553336228,
        1.1188717712884788,
        0.9533759145849194,
        1.1284480644703114,
        0.789881946634672,
        0.7711094459488057,
        1.0352131498773034,
        0.924953418997816,
        0.48435829222338916,
        1.0059566304466614,
        0.9219779579874141,
        0.7996229695628986,
        -0.79297461392114,
        0.7834554574894014,
        0.7863062821854374,
        0.733644658642944,
        0.09622641296753916,
        0.6074395581969856,
        0.9065232743670911,
        0.9806247048211756,
        0.9128160301614532,
        0.9728886085580596,
        0.8664243326570495,
        1.025738612418465
    ],
    "cost": [
        0.010732775846081271,
        0.039323030513002885,
        0.03280244394408879,
        0.06369569547264149,
        0.06975893986322587,
        7.340148539655535,
        0.09021779568757879,
        0.11118928397338168,
        0.05264934448284261,
        0.04880096462713639,
        0.0426504785232116,
        0.11267292742833887,
        0.05228437693757567,
        0.20079183996507738,
        0.024528031726036827,
        0.14293191521793197,
        0.06784650663719391,
        0.04677204511724205,
        0.03921164846830969,
        0.07593610306099914,
        0.1802626456569187,
        0.11233799818095466,
        0.07083469356278509,
        0.059861257420222705,
        0.056379563220623666,
        0.06130404508526595,
        0.12326479434121089,
        0.17093037658370408,
        0.05311488427388655,
        0.06925795731931697,
        0.17411625155957253,
        0.061571880276157974,
        0.05202456775008816,
        0.06920853705477664,
        0.048105893893105406,
        0.10799909572858339,
        0.046989271514568644,
        0.0702498196287836,
        0.08298845784460335,
        0.043144950688294145,
        0.05143092382447197,
        0.018665336052473107,
        0.11878437061949636,
        0.14564466907194476,
        0.05007824663886675,
        0.07468797981944778,
        0.07217669251628678,
        0.04099578647207672,
        0.014680764409182331,
        0.04185642876023442,
        0.04408254576105061,
        0.029450859455856775,
        0.031415971544699585,
        0.03936269581963397,
        0.13246771445867522,
        0.08396277528630357,
        0.04700842242519004,
        0.062322193377336674,
        0.07441297641789156,
        0.05170391577234251
    ]
}