{
    "total": [
        -0.2605331449014797,
        0.6713125682734395,
        0.6309208849312017,
        0.7982804121035989,
        0.8382288124572396,
        0.5327246967482532,
        0.5331095736670203,
        0.8516659494214462,
        0.6119479237249578,
        0.6681198806131252,
        0.6914524350979182,
        0.9333016444754335,
        0.707990186714022,
        0.25721224102191503,
        0.8175723164299379,
        0.6954520681735115,
        0.3141018246849691,
        0.6013064069007876,
        0.781383898858526,
        0.8698216413820731,
        0.8186876031666316,
        0.49985375915674635,
        1.0906736511226263,
        0.5952623799705676,
        0.8402201054456635,
        0.7982118893065515,
        0.8495965873267656,
        0.9964668895765815,
        0.7187240758795019,
        0.9289131955793192,
        0.9996162428195206,
        0.9002061343466421,
        0.8865881698574872,
        0.9806128124535111,
        0.7970424067288177,
        0.8649313631209598,
        -0.610901964861974,
        -6.118180570138319,
        0.9505140982410989,
        1.1113575414899848,
        -0.1371011133761454,
        0.4954799662786045,
        0.7112264664033827,
        0.7938864943360899,
        0.7097987112526816,
        0.9292113384208719,
        0.8112645826258404,
        0.7811918603723614,
        0.9650944718123764,
        0.8823034691257234,
        0.5998055319997296,
        0.9413796460563274,
        0.5939831442729625,
        0.8209585290293842,
        0.9328471863439706,
        0.833991120685809,
        0.8249677913877959,
        1.0752606893385237,
        0.882826666339494,
        0.5174768426565791
    ],
    "computation": [
        -0.22864334616469453,
        0.725535709407431,
        0.7656996551627897,
        0.8234283497282032,
        0.8881410839538179,
        0.7254334826669917,
        0.5588348301660708,
        0.8969171140556356,
        0.8506221136502387,
        0.9264201579327043,
        0.7139149404252636,
        0.9797498951947391,
        0.7361292737782092,
        0.26841276553323257,
        0.9010310790848297,
        0.9768929562090491,
        0.36658117690716124,
        0.6925422123793592,
        0.8512390167695619,
        0.9950392541097246,
        0.9755348035014396,
        0.531572157126166,
        1.1363724495679826,
        1.0534591501927943,
        0.8851347228492523,
        0.8894419950568231,
        0.8902988057233749,
        1.0923805455323234,
        0.865187301062568,
        0.9710539188352438,
        1.0539418081684122,
        0.9572597385963235,
        0.956577372410149,
        1.0418195698782475,
        0.8863498478047991,
        0.9496069942716143,
        0.9292670628339834,
        0.9967088380396465,
        1.0282669894276926,
        1.1330419017039812,
        1.0450525502787473,
        0.5804504089873593,
        0.7995562237876666,
        0.8421885064920336,
        0.7423024531387219,
        0.9678460251059473,
        0.847613807297386,
        0.8589541819429162,
        1.0909918405101515,
        0.9757024987978766,
        0.6381323839089046,
        0.9984123629839681,
        0.639863733530062,
        0.9809750940399768,
        0.9943471095743455,
        0.9551342016856987,
        0.863290192541232,
        1.0995749609699845,
        0.9760102399422351,
        0.5425156420019182
    ],
    "cost": [
        0.031889798736785165,
        0.054223141133991404,
        0.13477877023158813,
        0.025147937624604506,
        0.04991227149657832,
        0.19270878591873858,
        0.025725256499050407,
        0.04525116463418929,
        0.23867418992528083,
        0.2583002773195794,
        0.022462505327345443,
        0.04644825071930557,
        0.028139087064187152,
        0.011200524511317488,
        0.08345876265489158,
        0.2814408880355377,
        0.05247935222219212,
        0.09123580547857167,
        0.06985511791103596,
        0.12521761272765158,
        0.15684720033480795,
        0.031718397969419825,
        0.04569879844535641,
        0.45819677022222677,
        0.04491461740358877,
        0.09123010575027153,
        0.04070221839660907,
        0.09591365595574204,
        0.14646322518306604,
        0.042140723255924745,
        0.05432556534889178,
        0.05705360424968161,
        0.06998920255266149,
        0.06120675742473678,
        0.08930744107598129,
        0.08467563115065466,
        1.5401690276959568,
        7.114889408177966,
        0.07775289118659336,
        0.0216843602139966,
        1.1821536636548928,
        0.08497044270875496,
        0.08832975738428371,
        0.04830201215594354,
        0.03250374188604028,
        0.03863468668507531,
        0.036349224671545624,
        0.07776232157055471,
        0.12589736869777504,
        0.09339902967215319,
        0.03832685190917487,
        0.05703271692764078,
        0.04588058925709955,
        0.1600165650105925,
        0.06149992323037481,
        0.1211430809998898,
        0.03832240115343614,
        0.02431427163146111,
        0.0931835736027413,
        0.025038799345339154
    ]
}