{
    "total": [
        21.978028738213204,
        43.80894058606494,
        46.45103237557079,
        45.34650616813533,
        48.49579597758898,
        45.281889224570634,
        48.895740711651186,
        48.01178285836535,
        49.51749091802984,
        48.5737475602864,
        43.77515342122216,
        48.24232756524153,
        44.391711120505036,
        46.32246858788201,
        49.50381628979462,
        43.949741718178444,
        49.46573468739901,
        46.55714156810601,
        48.4515399118482,
        45.53548530872468,
        46.09953132214808,
        44.853594385163134,
        48.149450563424494,
        47.77730107889333,
        48.282998979511774,
        47.511430117066354,
        44.999933651158685,
        47.3696645457461,
        44.35620325745074,
        45.40945417908251,
        46.881421938021255,
        48.15556282295491,
        50.95458480015223,
        47.7311419732396,
        50.701461166659975,
        39.350471122186185,
        46.74792703481476,
        46.09376286437108,
        47.476347597427385,
        50.65303663514544,
        47.25589302075878,
        47.06800689017542,
        49.075534647439206,
        49.9818818390466,
        50.55678255329367,
        48.801351766017504,
        46.78726275847332,
        45.695805346644306,
        50.074595713812,
        49.235570052199456,
        48.56145042585678,
        47.97010031717786,
        46.56430765422435,
        48.27667347933331,
        -5.556376482456756,
        46.67898400911089,
        47.99991475994975,
        48.2852458413099,
        52.078976674360455,
        47.371712751078924
    ],
    "computation": [
        23.735488958963845,
        45.11425649724333,
        48.83641385533523,
        50.68984998455954,
        49.83350557236665,
        47.923607565471606,
        50.96073475366377,
        49.717036954492954,
        50.32831485069478,
        50.13865350322967,
        50.1687863305557,
        50.348001433610776,
        50.48812054793484,
        48.557350838634925,
        50.383015900232394,
        47.827826110415074,
        51.31766113971683,
        49.27980705650196,
        51.06827632067725,
        47.04107142036422,
        48.57473671653282,
        50.74536339540623,
        49.65632184968784,
        49.13799450354905,
        50.976028845361796,
        48.564739997412154,
        47.33469615580276,
        49.36776213576757,
        45.43784048824562,
        50.77221460538655,
        48.31503661488789,
        49.58240423510996,
        52.501026110707485,
        48.98381779244527,
        52.4155554817731,
        48.41675520075508,
        48.50900277961536,
        47.07443305226141,
        48.91091241428188,
        51.13943196415913,
        49.89895142672083,
        48.549118235129136,
        50.41434255308384,
        51.00473304322544,
        51.94531999875373,
        50.71126608185369,
        49.58179545594323,
        47.17003662734733,
        51.164886929374646,
        50.10824973963716,
        49.745820857928166,
        48.51302489021676,
        48.49608788477293,
        49.80332595713243,
        50.227085073955074,
        48.51768913085343,
        49.819864936637764,
        49.66335258660796,
        52.80027608115031,
        48.19976435415954
    ],
    "cost": [
        1.757460220750638,
        1.3053159111783916,
        2.3853814797644466,
        5.343343816424205,
        1.3377095947776636,
        2.641718340900979,
        2.0649940420125854,
        1.7052540961276113,
        0.8108239326649279,
        1.5649059429432763,
        6.393632909333533,
        2.1056738683692386,
        6.0964094274297995,
        2.2348822507529134,
        0.8791996104377799,
        3.878084392236628,
        1.8519264523178294,
        2.7226654883959402,
        2.616736408829051,
        1.505586111639537,
        2.4752053943847314,
        5.891769010243093,
        1.5068712862633435,
        1.3606934246557134,
        2.693029865850027,
        1.0533098803458016,
        2.3347625046440648,
        1.998097590021473,
        1.081637230794875,
        5.3627604263040265,
        1.4336146768666445,
        1.4268414121550463,
        1.5464413105552526,
        1.2526758192056646,
        1.7140943151131072,
        9.066284078568893,
        1.7610757448005923,
        0.9806701878903263,
        1.434564816854491,
        0.4863953290136959,
        2.643058405962053,
        1.4811113449537188,
        1.3388079056446325,
        1.0228512041788493,
        1.3885374454600592,
        1.9099143158361933,
        2.794532697469897,
        1.4742312807030167,
        1.0902912155626514,
        0.8726796874377054,
        1.1843704320713857,
        0.5429245730389052,
        1.9317802305485845,
        1.5266524777991182,
        55.783461556411815,
        1.8387051217425312,
        1.8199501766880108,
        1.3781067452980462,
        0.7212994067898603,
        0.8280516030806128
    ]
}