{
    "total": [
        -0.26656944035857977,
        -0.22071533901571833,
        -0.43941213130501,
        -1.9655327331440167,
        0.0631831644659526,
        -0.3499003525651144,
        0.02403699009094431,
        -0.005349035015743009,
        0.10270985473128029,
        0.29883025083790526,
        -3.7547219650320285,
        -0.4619499664481074,
        -0.22400291737350048,
        0.4000101616286944,
        -1.2916540461663877,
        0.22413151642608592,
        -0.26831884955824603,
        -2.171360149142038,
        -0.02787002605598256,
        -0.41777304613676963,
        -0.875284748373377,
        -1.6668652008428073,
        -0.13619737506654278,
        -0.12958323839845826,
        -0.6127342246627135,
        0.41626506876578045,
        -0.6185930090300952,
        0.25150691223424504,
        -0.0013565036455638556,
        0.3226612948249171,
        0.2599787112991067,
        -0.5402889136494745,
        -0.1363002585845363,
        -0.6445511057942988,
        -0.2665836298302372,
        -1.407260424518794,
        -0.34044866558341297,
        -0.38116509407044774,
        -0.2827314555801358,
        -0.11004152167303909,
        -0.4764640045296817,
        -0.13487054658539935,
        0.05271706667259033,
        -0.055647533768463764,
        -0.17771386211759393,
        -0.30428698036230395,
        -1.037009319176613,
        -0.6592128860178605,
        0.16544596089961316,
        -0.034482895120893406,
        -0.20521226209178794,
        -0.0808505008411009,
        -0.3312152808969372,
        -0.7294259830224723,
        -32.91825362152805,
        0.3307562328294697,
        0.20910382440658332,
        -1.151081486182451,
        0.23258428935169354,
        -2.1052436407901824
    ],
    "computation": [
        0.5007763410696806,
        0.14449742422817008,
        0.19141042725207785,
        0.6148691974370266,
        0.46184361400251206,
        0.4022935516031124,
        0.3581044016082423,
        0.2808276599606331,
        0.5170234172060584,
        0.6454231293737949,
        -0.7908765982755719,
        0.41113264854558046,
        0.36343518211519676,
        0.6917802030402828,
        -1.0952905474218684,
        0.4618094568951044,
        0.06702227971753406,
        -0.42322170695287625,
        0.23412027711819317,
        0.03519216920074717,
        -0.33173690900817376,
        0.038607745850125996,
        0.46718745735615863,
        0.46698485941478446,
        -0.2634204427774749,
        0.8458961136192167,
        0.2647778174854992,
        0.6061100048718512,
        0.48821913362387576,
        0.47050032916104934,
        0.6066258411284455,
        0.5196215687197475,
        0.08756283679138928,
        -0.4474873637808952,
        0.4044074783459384,
        -0.06403838171357229,
        0.08951478896257278,
        0.08372054036120599,
        0.3341072892903335,
        0.2295428867240379,
        0.08560792605172056,
        0.3528549425587833,
        0.3592228093836071,
        0.34847632484011104,
        0.139472946181467,
        0.18751974863806567,
        0.4915213706503674,
        -0.12321938708780382,
        0.7722392828965946,
        0.5659894483562571,
        0.30071784451263084,
        0.2267542252164656,
        0.48425016979435487,
        0.22516045661655326,
        0.5915826127486516,
        0.60344877326384,
        0.747635332844042,
        -0.6935628001440407,
        0.7450209779304473,
        0.4465105660860732
    ],
    "cost": [
        0.025578192714275343,
        0.012173758774796279,
        0.02102741861856959,
        0.08601339768603479,
        0.013288681651218649,
        0.025073130138940903,
        0.011135580383909932,
        0.009539223165879204,
        0.013810452082492602,
        0.011553095951196322,
        0.09879484555854856,
        0.029102753833122913,
        0.01958126998295658,
        0.009725668047052948,
        0.006545449958150648,
        0.00792259801563395,
        0.011178037642526005,
        0.05827128140630537,
        0.00873301010580586,
        0.015098840511250562,
        0.018118261312173443,
        0.05684909822309779,
        0.02011282774742338,
        0.01988560326044143,
        0.011643792729507958,
        0.014321034828447873,
        0.02944569421718648,
        0.011820103087920203,
        0.016319187908981313,
        0.004927967811204406,
        0.011554904327644626,
        0.03533034941230741,
        0.007462103179197521,
        0.006568791400446787,
        0.02236637027253919,
        0.04477406809350737,
        0.014332115151532853,
        0.01549618781438846,
        0.020561291495682314,
        0.011319480279902564,
        0.018735731019380076,
        0.016257516304806086,
        0.01021685809036723,
        0.013470795286952494,
        0.010572893609968699,
        0.016393557633345653,
        0.05095102299423264,
        0.01786644996433523,
        0.020226444066566047,
        0.020015744782571683,
        0.016864336886813956,
        0.010253490868585551,
        0.027182181689709733,
        0.03181954798796752,
        1.1169945411425566,
        0.009089751347812345,
        0.017951050281248628,
        0.015250622867947016,
        0.017081222952625128,
        0.08505847356254186
    ]
}