{
    "total": [
        -5.0861562634842175,
        0.2155851816562401,
        -0.20930150459012328,
        -0.6306531511495066,
        0.5212683940262736,
        0.2787137267109981,
        0.28923268347370473,
        0.2070201811939802,
        0.10071757435793813,
        0.5662587631804786,
        -0.29203155476872056,
        -0.09335541249177268,
        -1.630669984442075,
        0.16069934827542182,
        0.1739645070088302,
        -0.20115365865366625,
        0.3311781734289131,
        -0.267447439053386,
        0.6685349842056791,
        0.14762522280403473,
        0.5444286000450308,
        -1.0477017229496948,
        0.5221477962037006,
        0.7201177697322898,
        0.4987018523786727,
        0.7315177250791718,
        0.7843626174670383,
        0.9073952153057532,
        0.49740401779939497,
        0.4863941336262734,
        0.800776192292672,
        0.24854331255288206,
        0.2788181652175169,
        -0.20061252580746097,
        0.15826336991845902,
        -0.23586874311279207,
        -0.6543660061493053,
        0.10653322334115492,
        0.06899593180339089,
        0.6313007895603351,
        0.3291953276137013,
        0.18939596688939286,
        0.311466933346115,
        0.225385375654309,
        0.3638308005769407,
        0.3694448481295708,
        0.29845838704745964,
        0.19439757268181254,
        0.5711641968002185,
        0.08125261141240452,
        0.6566114999067622,
        0.5266161590426208,
        0.25449713444973776,
        0.6594438368172482,
        0.6726089879265851,
        0.7726066729161539,
        0.6455832064313874,
        0.7355757086358026,
        0.7784040716345384,
        0.1360564458768944
    ],
    "computation": [
        -0.885364831328108,
        0.4478925263592937,
        0.17591599757220677,
        0.5990875400235718,
        0.7029237590957838,
        0.5763211108651898,
        0.7399830969194572,
        0.6450165092052834,
        0.427622662921746,
        0.8627944007930972,
        0.7708317305432468,
        0.7276241143587592,
        0.6634814829783748,
        0.3115132795492096,
        0.48774994071187605,
        0.44077238515905093,
        0.5363558580015593,
        0.7404991494253723,
        0.7606646968618949,
        0.45699707609443746,
        0.7555718404876268,
        0.6598086440080169,
        0.7597350170290251,
        0.7939213131854342,
        0.7236778996620691,
        0.8919910632740636,
        0.8257407860276137,
        0.9291293342924615,
        0.7655687320422255,
        0.8678566012976919,
        0.8799129653843165,
        0.58383879041499,
        0.7527270563211677,
        0.03544959150745144,
        0.38276792671901966,
        0.5412398290968158,
        0.5143509940376803,
        0.671903806887905,
        0.5641317953340714,
        0.773449442275691,
        0.5824027534623338,
        0.6293260390711424,
        0.7081286022165283,
        0.5164206388532332,
        0.6441079010518473,
        0.6986536868118123,
        0.6718190867682905,
        0.597595490584579,
        0.6853969902943844,
        0.6163168777002375,
        0.8580678203649195,
        0.668728031684195,
        0.6277397330292416,
        0.7447735690965251,
        0.8647308945154032,
        0.812211912534846,
        0.8491990302179249,
        0.8376268349765018,
        0.8692506053497902,
        0.8294627969923857
    ],
    "cost": [
        0.21003957160780548,
        0.011615367235152682,
        0.019260875108116502,
        0.06148703455865392,
        0.009082768253475504,
        0.014880369207709587,
        0.02253752067228763,
        0.021899816400565153,
        0.016345254428190396,
        0.014826781880630935,
        0.053143164265598376,
        0.0410489763425266,
        0.11470757337102248,
        0.007540696563689386,
        0.015689271685152294,
        0.03209630219063585,
        0.010258884228632312,
        0.05039732942393791,
        0.004606485632810787,
        0.015468592664520142,
        0.010557162022129815,
        0.08537551834788557,
        0.011879361041266226,
        0.003690177172657222,
        0.011248802364169816,
        0.008023666909744587,
        0.0020689084280287712,
        0.0010867059493354127,
        0.01340823571214153,
        0.01907312338357093,
        0.00395683865458222,
        0.016764773893105385,
        0.023695444555182542,
        0.011803105865745624,
        0.01122522784002803,
        0.038855428610480386,
        0.05843585000934931,
        0.0282685291773375,
        0.02475679317653402,
        0.007107432635767794,
        0.012660371292431624,
        0.02199650360908747,
        0.019833083443520673,
        0.01455176315994621,
        0.01401385502374533,
        0.016460441934112068,
        0.018668034986041533,
        0.020159895895138315,
        0.005711639674708302,
        0.02675321331439166,
        0.010072816022907865,
        0.007105593632078712,
        0.0186621299289752,
        0.004266486613963846,
        0.009606095329440905,
        0.0019802619809345962,
        0.010180791189326872,
        0.005102556317034958,
        0.004542326685762589,
        0.034670317555774564
    ]
}