{
    "total": [
        -29.729166265777245,
        85.27407926149131,
        91.4135148252569,
        87.99859597716636,
        99.80755210474479,
        91.87631705122439,
        98.62566775627606,
        96.70167447248392,
        101.8289218522472,
        102.97313632904584,
        96.68018971535483,
        96.3458164517331,
        93.29672149686424,
        93.84946862483972,
        101.00994876302849,
        89.04342910059015,
        96.13403110877363,
        99.9998699283663,
        98.55800724858537,
        94.92541758847953,
        96.06952641569393,
        87.13408840959575,
        94.79501670012962,
        97.33515071541015,
        96.07353678253584,
        100.8506631158443,
        93.94230243080719,
        97.80302355794133,
        90.76215343765844,
        97.301772376475,
        96.23799881963637,
        99.82854293380704,
        95.91724468480672,
        98.37648423597057,
        97.61990109023017,
        86.51449830680377,
        93.59174656144194,
        92.41313420180896,
        93.26704244782204,
        95.63658018489151,
        97.45894475720564,
        95.02321799848279,
        101.56990358002466,
        94.04979725306481,
        105.76278151523756,
        105.07672725781325,
        99.62472546737702,
        93.2320936979975,
        100.8091395450372,
        97.93591463666948,
        91.93910972046248,
        93.17924173217179,
        82.54138647283153,
        98.19986996534115,
        -6.219295345008928,
        104.65390133867018,
        103.06413105787075,
        100.47501649363957,
        102.39399753787242,
        86.94224052884948
    ],
    "computation": [
        -8.347311556521236,
        88.61807238424629,
        93.70787114489539,
        99.32785981013397,
        101.68996111989222,
        94.11169801334249,
        101.5387358152522,
        99.44578600981659,
        103.23412233173164,
        105.07775363946214,
        102.5250782930736,
        102.35852248500777,
        98.36055024997101,
        98.0460301995069,
        103.44524704905837,
        95.52759450710843,
        99.69031643502419,
        104.67001396315911,
        102.90298496433358,
        97.13673250224058,
        100.04928384341017,
        99.44984780412179,
        98.13314224116017,
        98.94548152854219,
        100.56119706544746,
        103.25331724418444,
        95.58370972957343,
        101.12793069729773,
        93.21760068615951,
        99.68131929104541,
        98.4542028679273,
        103.91892794354105,
        98.07357628696991,
        99.4076562918514,
        99.63456138063086,
        97.2971032661211,
        102.45617850111731,
        96.45843999465839,
        96.66645767036495,
        98.00712277727526,
        99.92869245161401,
        96.34737224439081,
        102.58659682469947,
        98.40196169194442,
        107.40364482993448,
        107.65245236580895,
        103.76588220179333,
        95.71011784996746,
        102.36124855475335,
        100.23645813146153,
        96.80850041038651,
        94.57765025558479,
        93.02645291368707,
        100.68846807424683,
        105.83639224327177,
        105.9923629870681,
        105.51043548023533,
        102.11284194028687,
        104.27877231909409,
        97.06099300077265
    ],
    "cost": [
        21.381854709256015,
        3.3439931227549637,
        2.2943563196385055,
        11.329263832967634,
        1.8824090151474304,
        2.235380962118113,
        2.9130680589761413,
        2.744111537332677,
        1.405200479484423,
        2.10461731041632,
        5.844888577718762,
        6.012706033274673,
        5.063828753106772,
        4.196561574667184,
        2.4352982860298655,
        6.4841654065182865,
        3.5562853262505336,
        4.670144034792814,
        4.344977715748234,
        2.2113149137610177,
        3.979757427716226,
        12.315759394526031,
        3.3381255410305597,
        1.6103308131320375,
        4.487660282911636,
        2.402654128340147,
        1.64140729876619,
        3.3249071393563945,
        2.4554472485010903,
        2.3795469145704145,
        2.2162040482908987,
        4.090385009734005,
        2.1563316021631844,
        1.031172055880835,
        2.0146602904006636,
        10.782604959317316,
        8.864431939675347,
        4.045305792849421,
        3.399415222542912,
        2.3705425923837424,
        2.4697476944083685,
        1.3241542459080249,
        1.0166932446748507,
        4.352164438879603,
        1.6408633146969425,
        2.5757251079957255,
        4.141156734416325,
        2.4780241519699513,
        1.552109009716138,
        2.3005434947920738,
        4.869390689924043,
        1.3984085234130055,
        10.485066440855528,
        2.4885981089056814,
        112.05568758828073,
        1.3384616483978944,
        2.446304422364589,
        1.637825446647297,
        1.8847747812216245,
        10.118752471923166
    ]
}