{
    "total": [
        0.17760763233481758,
        -0.4575977528193257,
        -0.05003080871428824,
        0.06907093445291414,
        -0.031648020131643376,
        0.11394895416749122,
        0.23242583547332624,
        0.1978538982170736,
        0.23981172092380804,
        0.06100444068246661,
        0.07569485673001786,
        0.15931616903669313,
        0.20889053835945176,
        0.14960415096026325,
        0.3132983079627018,
        0.11458157676953178,
        0.26459662314627985,
        0.25895471310647983,
        0.2642138523507537,
        0.0862534188341499,
        0.21646019414999254,
        0.1680667375571594,
        -0.08451919568749147,
        0.09977403027611556,
        0.202260804308517,
        0.12873760091104472,
        -0.1159952487306696,
        0.3269603591379734,
        0.3022565883489069,
        0.17897335944278805,
        0.06828851451235055,
        0.23344435337619238,
        0.18199295596061374,
        0.1077300996422669,
        0.1569111166770431,
        0.12542134070525646,
        0.2267947915183966,
        0.11753609849837092,
        0.15521720466504357,
        0.11653098153762875,
        0.24933520295077893,
        0.29885842808780333,
        0.22607136493118776,
        0.06097342771880103,
        -0.0009112801086656561,
        0.32162395331202165,
        0.1972896199947869,
        0.17382222114546547,
        0.10028867814608936,
        0.25257104885145915,
        0.11078248264870846,
        0.13786141206917554,
        0.18201846704018915,
        0.16435361205356508,
        0.14050279169241922,
        0.20883123130437684,
        0.26641918799199876,
        0.12706399974325439,
        0.15985071374111365,
        0.07925190463092024
    ],
    "computation": [
        0.225221824677107,
        0.22219201359758056,
        0.13050755249690482,
        0.11733895527031366,
        0.015304571256412543,
        0.13953551585692495,
        0.2621366567124058,
        0.22588328290038023,
        0.2828608672841614,
        0.09075309014893436,
        0.10069917412524494,
        0.20289633186183947,
        0.23428565973455298,
        0.18137872777181413,
        0.33420776638697414,
        0.15238050997078362,
        0.29294005655813604,
        0.28296956732134804,
        0.28348559394513906,
        0.11894004676161188,
        0.24399793720530938,
        0.20545088404530495,
        0.08410289960912883,
        0.14203409776448436,
        0.22620764251959696,
        0.15168873024750082,
        0.21597498782104627,
        0.3473808332845175,
        0.3272550630675111,
        0.20817762327022407,
        0.1299217810454676,
        0.2583231283543001,
        0.21005239781223284,
        0.13427431746692028,
        0.18334562021846648,
        0.22949182606493662,
        0.27622654150858256,
        0.16989538918052144,
        0.19339199327992923,
        0.1465146873898328,
        0.2686138689913732,
        0.36260748807979093,
        0.259196658530234,
        0.15641620184254212,
        0.02586123074731824,
        0.353429683686473,
        0.22665090332144805,
        0.2013906185562691,
        0.13320918566443524,
        0.28691647548459503,
        0.14423189203340045,
        0.17421776789812363,
        0.2522666083265151,
        0.2279736835307143,
        0.1686768199615562,
        0.22849721937543244,
        0.2920524559710613,
        0.1761697923566016,
        0.18195479378160434,
        0.10435910796645236
    ],
    "cost": [
        0.04761419234228944,
        0.6797897664169064,
        0.18053836121119302,
        0.04826802081739957,
        0.046952591388055895,
        0.02558656168943369,
        0.02971082123907954,
        0.028029384683306686,
        0.043049146360353306,
        0.02974864946646779,
        0.025004317395227064,
        0.04358016282514637,
        0.025395121375101228,
        0.031774576811550846,
        0.02090945842427229,
        0.03779893320125183,
        0.028343433411856096,
        0.02401485421486823,
        0.019271741594385407,
        0.032686627927462006,
        0.027537743055316772,
        0.03738414648814551,
        0.16862209529662034,
        0.042260067488368816,
        0.02394683821107988,
        0.022951129336456134,
        0.331970236551716,
        0.020420474146544153,
        0.02499847471860424,
        0.029204263827435968,
        0.06163326653311709,
        0.02487877497810771,
        0.028059441851619165,
        0.026544217824653372,
        0.02643450354142332,
        0.10407048535968015,
        0.04943174999018596,
        0.052359290682150464,
        0.03817478861488563,
        0.029983705852204078,
        0.019278666040594247,
        0.06374905999198766,
        0.033125293599046236,
        0.09544277412374108,
        0.02677251085598393,
        0.03180573037445136,
        0.02936128332666116,
        0.027568397410803643,
        0.03292050751834583,
        0.034345426633135855,
        0.033449409384691924,
        0.03635635582894807,
        0.07024814128632596,
        0.06362007147714917,
        0.02817402826913699,
        0.019665988071055636,
        0.02563326797906257,
        0.049105792613347195,
        0.022104080040490623,
        0.025107203335532076
    ]
}