{
    "total": [
        0.1454534365210395,
        0.296343803896479,
        0.2964296657037048,
        0.11493402275800713,
        0.27921938059281215,
        0.22639009739658467,
        0.1833176977874747,
        0.15895263333953727,
        0.13030698244373468,
        0.22172680006831139,
        0.29858535039068423,
        0.013199850157987265,
        0.24254280929040903,
        0.25614488555123865,
        0.21109072640727827,
        0.22656776393309724,
        0.14369273163427676,
        0.17952279428237292,
        0.1941989795267025,
        0.17567042825190957,
        0.2541549534619542,
        0.3409395319158104,
        0.2263446977512505,
        0.2843016241760159,
        0.26744529800550276,
        0.21960880518371803,
        0.24823221961653105,
        0.18908015854621554,
        0.16035994897011313,
        0.2896320094865492,
        0.24230442092289972,
        0.2080543772588172,
        0.13322262214953978,
        0.19450839351078136,
        0.20042081184065402,
        0.15937992757669545,
        0.23472246566961377,
        0.18036530464752926,
        0.1875465303552318,
        0.09332503176832721,
        0.2585956210821247,
        0.219080039636175,
        0.2567340504856076,
        0.2581502911469388,
        0.28916401113201357,
        0.16312264347840127,
        0.2077107453347166,
        0.2550178280002623,
        0.2634376204781992,
        0.2742428827138913,
        0.2844065512414032,
        0.22138833384184423,
        0.23717904195872222,
        0.2532720148182227,
        0.18641390039214917,
        0.22352414837810616,
        0.1807724001767726,
        0.17646066963097656,
        0.19182465053516046,
        0.14430918094347547
    ],
    "computation": [
        0.17946411666837214,
        0.33333960643949395,
        0.3366182210026556,
        0.22888801188469793,
        0.3353643451674567,
        0.3318105810246097,
        0.22184980450343134,
        0.2551636071833428,
        0.15947711115199498,
        0.24280056065045036,
        0.3333100128888341,
        0.08329541171288687,
        0.2998930425428368,
        0.2933455714158856,
        0.2715537045065628,
        0.26255019475714225,
        0.1862205145737542,
        0.21657488646542106,
        0.2226785322794657,
        0.21070000974388928,
        0.3096562990258203,
        0.38163370691613857,
        0.27061129887453067,
        0.3293140436117056,
        0.2993807415174571,
        0.251211728316448,
        0.26782923300040135,
        0.23168568831299813,
        0.1938919054987746,
        0.3199272732984266,
        0.2766047893482889,
        0.23994982885880467,
        0.16602139189810866,
        0.21448239531629737,
        0.2421029964103821,
        0.200635335254014,
        0.2650103842082504,
        0.21089866665360146,
        0.21514180517392673,
        0.17764550491577588,
        0.2966133435156534,
        0.2484074747800858,
        0.30867962472107946,
        0.32159435073591963,
        0.3118504108405366,
        0.33642406780759565,
        0.23609946204468962,
        0.2922633769073116,
        0.30628063590308924,
        0.3216823398976647,
        0.3119413494499,
        0.24572763424810873,
        0.26830791705679746,
        0.29301325610961554,
        0.20868141261516576,
        0.2637930407876742,
        0.22535595273394066,
        0.2134103596138583,
        0.23105343644517987,
        0.22849258514250975
    ],
    "cost": [
        0.03401068014733265,
        0.03699580254301497,
        0.04018855529895078,
        0.11395398912669077,
        0.05614496457464459,
        0.10542048362802499,
        0.038532106715956624,
        0.09621097384380554,
        0.02917012870826033,
        0.02107376058213893,
        0.03472466249814996,
        0.07009556155489963,
        0.05735023325242779,
        0.037200685864646935,
        0.060462978099284526,
        0.03598243082404498,
        0.042527782939477385,
        0.037052092183048176,
        0.028479552752763204,
        0.03502958149197969,
        0.055501345563866045,
        0.04069417500032813,
        0.044266601123280166,
        0.04501241943568965,
        0.03193544351195422,
        0.03160292313272998,
        0.019597013383870238,
        0.04260552976678256,
        0.03353195652866155,
        0.030295263811877405,
        0.03430036842538921,
        0.03189545159998743,
        0.03279876974856887,
        0.01997400180551596,
        0.04168218456972806,
        0.04125540767731857,
        0.030287918538636653,
        0.030533362006072207,
        0.02759527481869492,
        0.08432047314744871,
        0.03801772243352871,
        0.029327435143910768,
        0.05194557423547186,
        0.06344405958898078,
        0.022686399708523125,
        0.17330142432919435,
        0.02838871670997304,
        0.03724554890704925,
        0.04284301542488998,
        0.04743945718377347,
        0.02753479820849678,
        0.02433930040626451,
        0.031128875098075243,
        0.039741241291392775,
        0.0222675122230166,
        0.04026889240956792,
        0.04458355255716808,
        0.036949689982881756,
        0.039228785910019416,
        0.08418340419903428
    ]
}