{
    "total": [
        0.06696753480244848,
        0.18647772316273664,
        0.1892447524199426,
        0.10644670793123741,
        0.2713225455964039,
        0.2449995615242872,
        0.0922526590720942,
        0.15948303873570188,
        0.24519315814111517,
        0.1912744761361076,
        0.15923738631341958,
        0.2413527489068656,
        0.00902222562779279,
        0.11888456456180033,
        0.05689338093294979,
        0.20422264311868688,
        0.27095729091669024,
        0.09816964113177365,
        0.20059083831873975,
        0.14088632360637285,
        0.2541717204711345,
        0.23248068932160257,
        0.04638723263208898,
        0.19165273216490733,
        0.12503341105791188,
        0.326774794341268,
        0.09116637081914744,
        0.08400970556718146,
        0.20066838579134316,
        0.12869754679675077,
        0.25451912683265776,
        0.22951410793049423,
        0.14110905365332624,
        0.1700488500863197,
        0.05434862825925692,
        0.16703739752600502,
        0.1709500516632626,
        0.15248893052182522,
        0.23468649326718558,
        0.19860420586753733,
        0.1435401087866442,
        0.02017670815621118,
        0.32179518686851066,
        -0.7688188162101022,
        0.2052316103273569,
        0.1409378721287644,
        0.12448686943729666,
        -12.017729325828324,
        0.10170334708313507,
        0.1466919464115163,
        0.14758440162884162,
        0.18427917700594817,
        0.25862547003537284,
        0.13636697340514595,
        0.21853512879905282,
        0.1925459825875305,
        0.16910841492513837,
        0.21536292557380285,
        0.25021863296014957,
        0.19339200720174407
    ],
    "computation": [
        0.11015031440634293,
        0.21263483495225036,
        0.24191281943028256,
        0.17919289847050507,
        0.3028251771716371,
        0.3141763293120946,
        0.12480814571230081,
        0.1937251351837323,
        0.2626059323444039,
        0.25124062050290086,
        0.22348144679921625,
        0.27852469447966466,
        0.16923095926920698,
        0.15383676811355498,
        0.1174347297609842,
        0.2637794460360244,
        0.2918587254142532,
        0.12673610640641125,
        0.25167668352710915,
        0.21976855068559825,
        0.2896144443029427,
        0.26253682825527297,
        0.09987463335924891,
        0.2671419006851653,
        0.16450041337520818,
        0.3606526533179693,
        0.152509129717408,
        0.16835360111290162,
        0.23336778510490713,
        0.1743999024462587,
        0.294630289440347,
        0.27693446378346426,
        0.2892693438505284,
        0.21872244973896118,
        0.16177454387888238,
        0.21037600082884075,
        0.20394676622141628,
        0.1854792771350144,
        0.28578592920960555,
        0.24003951630481085,
        0.22178320305445715,
        0.23146716434740983,
        0.3511295171338638,
        0.14387844434024874,
        0.2445376884707584,
        0.16632279326681648,
        0.16392955718940747,
        0.161322632057764,
        0.18869757410554483,
        0.17034689465085726,
        0.18718791250048333,
        0.21837857297433394,
        0.2900541154443669,
        0.20130178884555935,
        0.2507417332190089,
        0.239114250569929,
        0.21309188811157692,
        0.2518196220263845,
        0.2852712672215808,
        0.2750360843120031
    ],
    "cost": [
        0.04318277960389441,
        0.026157111789513788,
        0.052668067010340006,
        0.07274619053926765,
        0.03150263157523314,
        0.06917676778780738,
        0.0325554866402066,
        0.034242096448030425,
        0.0174127742032887,
        0.059966144366793275,
        0.06424406048579663,
        0.037171945572798994,
        0.1602087336414143,
        0.03495220355175465,
        0.060541348828034414,
        0.059556802917337594,
        0.020901434497562953,
        0.028566465274637593,
        0.05108584520836936,
        0.0788822270792254,
        0.035442723831808236,
        0.030056138933670373,
        0.05348740072715996,
        0.07548916852025797,
        0.03946700231729634,
        0.03387785897670134,
        0.06134275889826056,
        0.0843438955457202,
        0.032699399313563984,
        0.04570235564950792,
        0.04011116260768927,
        0.047420355852970025,
        0.14816029019720206,
        0.04867359965264152,
        0.10742591561962544,
        0.043338603302835774,
        0.03299671455815365,
        0.03299034661318918,
        0.05109943594241998,
        0.041435310437273526,
        0.0782430942678129,
        0.21129045619119863,
        0.029334330265353113,
        0.9126972605503507,
        0.0393060781434015,
        0.025384921138052085,
        0.03944268775211081,
        12.17905195788609,
        0.08699422702240979,
        0.023654948239340993,
        0.03960351087164174,
        0.03409939596838576,
        0.03142864540899416,
        0.0649348154404134,
        0.03220660441995611,
        0.04656826798239855,
        0.04398347318643854,
        0.03645669645258167,
        0.035052634261431265,
        0.08164407711025899
    ]
}