{
    "total": [
        -0.5235985349542637,
        -0.49195387557852055,
        -0.4716674982929415,
        -0.942803144898075,
        -0.9083890266124641,
        -0.8876650899997159,
        -0.6974216082106663,
        -0.48278775183175177,
        -0.721437418813413,
        -1.9487810441711138,
        -1.222396163386502,
        -1.1983123810002998,
        -0.49065279877320966,
        -2.79093615410049,
        -4.173612870331538,
        -1.9303973430457746,
        -6.830666381185447,
        -0.5875502185533306,
        -0.8694124999881012,
        -0.3622567438643943,
        -2.263910385013437,
        -0.9277884595335142,
        -0.8110628186199407,
        -0.8723686103526479,
        -1.7589925767239045,
        -0.2106721259115715,
        -2.577013078265222,
        -0.3487474621204925,
        -0.7244636682675935,
        -0.46695645425223137,
        -0.3813185697102564,
        -0.32731883088033187,
        -1.7861651535549092,
        -1.1801154064398354,
        -0.36975167179878526,
        -0.5350994945764506,
        -2.1054001500303485,
        -0.7310744306859001,
        -39.1868878086684,
        -0.9075691886088728,
        -0.9149117820142815,
        -0.19168245177042792,
        -0.5781864394701028,
        -1.116933123579789,
        -1.5933729005348467,
        -0.6534449381130418,
        -0.2608357061240152,
        -0.45194132970293116,
        -0.3940033688252475,
        -0.1099068359265722,
        -0.6041161773966884,
        -1.8359822227827045,
        -1.3252714971870687,
        -0.38235998129089077,
        -0.5461901863753603,
        -0.5110691468485226,
        -0.3018216446424892,
        -0.45983872458857233,
        -0.42432801813913157,
        -0.045356130543868146
    ],
    "computation": [
        0.10022147024839416,
        0.18122377515160157,
        0.16162564805802285,
        0.21586829160707946,
        0.07818333905658045,
        0.054098131090691635,
        0.12362416226946456,
        0.2844448587680717,
        0.31837604556143295,
        0.0002938692498404904,
        0.3112768896871451,
        0.03310647117767874,
        0.08360458195736667,
        0.14382552399491141,
        0.18086994376620963,
        0.12514045763827775,
        0.10831811567300975,
        0.035537742865539255,
        0.29135751994936426,
        0.17780176766952052,
        0.24299646408813474,
        0.12394622399033609,
        0.13952003729463414,
        0.19684659730113985,
        0.17931474400586125,
        0.2890283768441638,
        0.17066832620476186,
        0.2987123021852526,
        0.19285754618595144,
        0.23542857481712964,
        0.22793735326964493,
        0.22215557503050612,
        0.1289444240115363,
        0.0772756399568025,
        0.1806942940681027,
        0.17133835828948396,
        0.10139301731487738,
        0.13617426478924877,
        0.29965643380288987,
        0.18813488673621115,
        -0.03725640957839179,
        0.18634710526245746,
        0.1909569950181551,
        0.21385473258980828,
        0.20668644576873318,
        0.03787622361561632,
        0.21457048110277216,
        0.1912042445101747,
        0.1358514154508169,
        0.2465008565362977,
        0.19720404938855318,
        -0.11101470073217952,
        0.12222062081752369,
        0.20674153220715086,
        0.2590723039285686,
        0.20786424143766422,
        0.29307503489034387,
        0.171143133318782,
        0.30213397920395,
        0.354941465878269
    ],
    "cost": [
        0.020794000173421923,
        0.02243925502433739,
        0.021109771545032147,
        0.03862238121683848,
        0.03288574552230148,
        0.03139210736968025,
        0.0273681923493377,
        0.025574420353327444,
        0.034660448812494866,
        0.06496916378069849,
        0.0511224351024549,
        0.04104729507259928,
        0.01914191269101921,
        0.09782538926984671,
        0.1451494271365916,
        0.0685179266894684,
        0.23129948322861527,
        0.020769598713962327,
        0.03869233399791551,
        0.018001950384463828,
        0.08356356163671909,
        0.035057822784128355,
        0.03168609519715251,
        0.03564050692179293,
        0.0646102440243255,
        0.016656683425191172,
        0.09158938014899945,
        0.021581992143524832,
        0.03057737381511816,
        0.023412834302312023,
        0.02030853076599671,
        0.018315813530361266,
        0.06383698591888151,
        0.041913034879887935,
        0.018348198862229596,
        0.023547928428864485,
        0.07355977224484087,
        0.028908289849171633,
        1.3162181414157095,
        0.036523469178169475,
        0.029255179081196327,
        0.012600985234429516,
        0.025638114482941926,
        0.04435959520565325,
        0.06000197821011934,
        0.023044038724288604,
        0.015846872907559578,
        0.02143818580710354,
        0.017661826142535482,
        0.011880256415428997,
        0.026710674226174718,
        0.057498917401684155,
        0.04824973726681975,
        0.019636717116601383,
        0.02684208301013096,
        0.02396444627620622,
        0.019829889317761102,
        0.021032728596911816,
        0.024215399911436054,
        0.013343253214071241
    ]
}