{
    "total": [
        11.46903349341116,
        18.949309926653918,
        13.383691469947427,
        19.6482850616689,
        3.3066025895448625,
        4.337796513661794,
        6.0850873371846586,
        18.39555844322525,
        29.01702770611262,
        1.1611695296256273,
        21.562276739903634,
        0.4830171565166356,
        13.697439562804783,
        -4.178759255146294,
        9.935713592443793,
        8.99008591936111,
        2.3988608522351003,
        -63.10755649858314,
        23.274442654040747,
        17.75925808405506,
        11.458984885219497,
        11.008435358140812,
        1.9101894363695089,
        17.395998227925197,
        15.578771457930305,
        29.06769680305224,
        18.760688098942758,
        33.00086841587082,
        12.686679492971388,
        12.592904670829046,
        21.63904960582548,
        18.910844338668507,
        8.31439512836908,
        0.37328982761702606,
        20.165635704393853,
        17.196063949060665,
        -1.0635453676661946,
        7.415613672362343,
        -101.86784505735193,
        18.035044660618823,
        -7.5223826217766,
        22.489714900093496,
        21.45196796714564,
        15.2268021347212,
        7.224481862276827,
        7.252973691159721,
        19.702058020764987,
        17.151515863232873,
        12.103031531035324,
        20.068190774610223,
        13.039984296802775,
        -18.111378326883077,
        -0.6311505018339076,
        17.616146778187332,
        19.199713743838142,
        19.142563193548717,
        20.89418942832517,
        9.016889588952115,
        31.695565818488376,
        27.278569569128525
    ],
    "computation": [
        13.575188118322263,
        21.912378278069813,
        15.811573635644958,
        22.929324582845346,
        11.25465565680216,
        7.209563728375983,
        10.282497586491878,
        21.98565439879914,
        36.10047688025176,
        6.289932460196478,
        25.279920227786185,
        6.419340403695875,
        15.724777001108427,
        11.844440959200039,
        21.231044484198684,
        15.526124440481562,
        13.540004837148311,
        4.155846458603955,
        27.120274834184915,
        19.50846569652306,
        22.955911336453553,
        14.676307699517341,
        4.174419383238176,
        19.661032480240046,
        21.46265781774545,
        31.11471742892116,
        24.9005977273017,
        35.62916456008635,
        16.68377214333993,
        14.977418236767372,
        24.286043703555936,
        20.967427061768017,
        13.688459705426794,
        4.754474233032838,
        22.774629625675843,
        20.64529095330783,
        6.839069543927204,
        9.954196650846361,
        29.594884051778813,
        20.161611957262387,
        -4.899511991004103,
        24.241534017874553,
        24.57034316560944,
        20.18767211379899,
        20.53682048856178,
        9.94766347282029,
        20.97241207377231,
        19.72076822900589,
        14.372455472417224,
        21.257630987868303,
        16.02618565672949,
        -11.80061606446371,
        7.223302258391693,
        19.378674387468678,
        22.178788461302783,
        21.40139881128273,
        23.751420746330236,
        11.237248448632235,
        33.695427712327316,
        28.589108302876035
    ],
    "cost": [
        2.1061546249111034,
        2.9630683514159015,
        2.427882165697531,
        3.2810395211764414,
        7.948053067257294,
        2.87176721471419,
        4.197410249307221,
        3.5900959555738856,
        7.083449174139136,
        5.128762930570854,
        3.7176434878825475,
        5.936323247179243,
        2.027337438303646,
        16.02320021434633,
        11.295330891754897,
        6.536038521120451,
        11.141143984913214,
        67.26340295718711,
        3.84583218014417,
        1.749207612468005,
        11.49692645123406,
        3.6678723413765284,
        2.2642299468686677,
        2.2650342523148446,
        5.883886359815146,
        2.0470206258689223,
        6.139909628358938,
        2.6282961442155255,
        3.99709265036854,
        2.3845135659383296,
        2.646994097730457,
        2.0565827230995013,
        5.374064577057715,
        4.381184405415811,
        2.6089939212819853,
        3.449227004247163,
        7.902614911593398,
        2.538582978484018,
        131.4627291091307,
        2.1265672966435654,
        2.6228706307724963,
        1.7518191177810543,
        3.1183751984638035,
        4.960869979077786,
        13.312338626284955,
        2.6946897816605633,
        1.2703540530073187,
        2.5692523657730244,
        2.2694239413819024,
        1.189440213258076,
        2.986201359926717,
        6.310762262419365,
        7.8544527602255965,
        1.762527609281355,
        2.9790747174646475,
        2.258835617734013,
        2.8572313180050584,
        2.2203588596801214,
        1.9998618938389452,
        1.3105387337475176
    ]
}