{
    "total": [
        -0.18042538463674224,
        -0.12839251147381567,
        0.02052799291433046,
        -0.10250905091069629,
        -0.07300847077715042,
        -0.2387492959394804,
        -0.3755252759366064,
        0.054001154805228754,
        -0.030235527956766584,
        -0.6619463064250637,
        0.17010329585787373,
        -0.2496911776877369,
        -0.17379902365355487,
        -0.8400854069622975,
        -0.8901299333365242,
        -0.21561931568110254,
        -1.0807288387429441,
        -2.348073943086277,
        0.03805116984950636,
        -0.01277549905079926,
        -0.3787300379085128,
        -0.25188672090568814,
        -0.1631727522440068,
        -0.08516867457620811,
        -0.45436403907275996,
        -0.31253450076150663,
        -0.8606390982267369,
        0.10896314707028147,
        -0.08020399644667695,
        -0.12449606064080039,
        0.01908480628256718,
        0.031004878127486046,
        -0.03630566611561416,
        -0.34576186612097165,
        -0.02060261863523557,
        -0.2005585309704446,
        -0.8769013057214933,
        -0.0799113239144104,
        -25.518681769818215,
        -0.0004628884000231981,
        -0.26065814470539606,
        0.06009292558157607,
        0.01998979024727099,
        -0.22360083716515494,
        -1.0765339849163984,
        -0.13650303358657023,
        0.07355983951498288,
        0.030292329909465558,
        -0.03510335074659914,
        0.11521972946201538,
        -0.10848813615419828,
        -0.5286757921160483,
        -0.3634433041491433,
        0.06712861248646387,
        -0.0057172518908934185,
        0.06703366601173048,
        -0.14125616177094186,
        -0.11052100168271968,
        0.10009788649976084,
        0.23100055163809388
    ],
    "computation": [
        0.07186073577865995,
        0.13967738500690535,
        0.23428804294349978,
        0.18735431194197555,
        0.1713249720088934,
        0.07659958977970378,
        0.11289370265960688,
        0.2665846460704789,
        0.30573725221943554,
        -0.007200245033628938,
        0.30112157652104476,
        0.11273791417665165,
        0.11088647839652635,
        0.10701778897359533,
        0.19823007917111612,
        0.13434514280326157,
        0.11240995793605472,
        0.10636866735144543,
        0.29141813412664586,
        0.1689676407530216,
        0.28592522434198203,
        0.16736475923328514,
        0.150114577946965,
        0.1546634092329143,
        0.09653556372115896,
        0.24716464011517258,
        0.22596536685517937,
        0.3472526336321106,
        0.20952438413846647,
        0.10571047391436028,
        0.27152570458363423,
        0.230486666278302,
        0.12230738483564507,
        0.07319422389015302,
        0.18321455083538898,
        0.1779608153049046,
        0.13471823152837417,
        0.18020904850766967,
        0.30671750992198893,
        0.27596901612911895,
        -0.038748109683386496,
        0.2100905356128358,
        0.2051462175323834,
        0.22136641880944602,
        0.2798164131012039,
        0.11442897549257358,
        0.21666406647233658,
        0.21685532930144236,
        0.16268732624062826,
        0.23240999564312484,
        0.15891361572165177,
        -0.10770599683366602,
        0.15001811661070277,
        0.24489161296662557,
        0.2492264970481705,
        0.2613180340212396,
        0.21451903722327584,
        0.1619958786130087,
        0.3107703633757898,
        0.3353590163385795
    ],
    "cost": [
        0.025228612041540217,
        0.026806989648072106,
        0.021376005002916927,
        0.02898633628526718,
        0.02443334427860438,
        0.03153488857191842,
        0.04884189785962134,
        0.021258349126525015,
        0.033597278017620205,
        0.06547460613914348,
        0.013101828066317097,
        0.03624290918643884,
        0.02846855020500812,
        0.09471031959358928,
        0.10883600125076398,
        0.03499644584843641,
        0.1193138796678999,
        0.24544426104377215,
        0.02533669642771395,
        0.018174313980382086,
        0.06646552622504949,
        0.041925148013897316,
        0.03132873301909718,
        0.02398320838091223,
        0.05508996027939188,
        0.05596991408766792,
        0.10866044650819162,
        0.02382894865618292,
        0.028972838058514343,
        0.023020653455516064,
        0.02524408983010671,
        0.019948178815081596,
        0.01586130509512592,
        0.041895609001112465,
        0.02038171694706245,
        0.037851934627534924,
        0.10116195372498671,
        0.02601203724220801,
        2.5825399279740213,
        0.027643190452914208,
        0.022191003502200962,
        0.014999761003125972,
        0.01851564272851124,
        0.04449672559746008,
        0.13563503980176023,
        0.025093200907914375,
        0.014310422695735367,
        0.018656299939197683,
        0.019779067698722737,
        0.011719026618110948,
        0.026740175187584998,
        0.04209697952823822,
        0.051346142075984605,
        0.017776300048016173,
        0.025494374893906387,
        0.019428436800950914,
        0.035577519899421754,
        0.02725168802957283,
        0.021067247687602896,
        0.010435846470048553
    ]
}