{
    "total": [
        -0.28415495070588737,
        -0.30593517298773615,
        -0.2216726344154659,
        -0.32178577837005845,
        -1.4562415823737143,
        -0.6758263930339459,
        -0.7267120378607025,
        -0.31086359886179105,
        -1.0672622301647505,
        -1.7527128069557427,
        -0.01815419120842807,
        -1.1361397306864192,
        -0.3895392974500459,
        -0.6753570294825338,
        -5.171513805247578,
        -0.619948844589695,
        -3.2772781123115124,
        -0.3222023037884979,
        -0.13550974401951799,
        -0.13119736219101774,
        -1.7166576913925655,
        -0.5700967534027714,
        -0.36228759490515816,
        -0.46848705122349665,
        -1.3237407149619795,
        -1.135701040234875,
        -1.18322710309457,
        -0.039573416065953056,
        -0.5539446119176896,
        -0.36022892151806596,
        -0.4686674248927828,
        -0.15154340477742861,
        -1.124069556614641,
        -0.6508218446168106,
        -0.32822126871560886,
        -0.2743632211048869,
        -0.97348680372795,
        -0.3693288281657234,
        -51.564258398677694,
        -0.2655455078349925,
        -0.4510563124145504,
        -0.11851602114917496,
        -0.28764606412127636,
        -0.6180701444355878,
        -1.3420200823258956,
        -0.34311890115350563,
        -0.10346337672271355,
        -0.2624308620829511,
        -0.396209634881623,
        -0.036358084834119925,
        -0.30949222526114084,
        -1.0834035589616333,
        -1.4202183257081953,
        -0.11568338963057863,
        -0.2791056252951045,
        -0.09765487300225342,
        -0.25300669347051696,
        -0.3667621247798798,
        -0.23568758779675755,
        0.074894467373425
    ],
    "computation": [
        0.18028279402087471,
        0.13794694778996552,
        0.18554890163668422,
        0.1887866561235428,
        0.10145737086067053,
        0.04733915409725767,
        0.18805010094244162,
        0.19061579252270802,
        0.35583233227111716,
        0.018214183391395893,
        0.29168642400163036,
        0.0549472051006504,
        0.08566219869679408,
        0.1020467552231186,
        0.23306568849359616,
        0.19936614247157097,
        0.10620166686147343,
        0.05704316121482007,
        0.3001900051980374,
        0.2077691676731733,
        0.22435510402077946,
        0.12464062569889159,
        0.1792908512405626,
        0.24379068657481234,
        0.16647975679731555,
        0.2804016031113402,
        0.23254644078599385,
        0.3386288703340858,
        0.2984632849727801,
        0.12514434434951363,
        0.284136911185741,
        0.19796070200826302,
        0.064832744073073,
        0.04282583038384169,
        0.19147997774421383,
        0.1915264608413764,
        0.07150354028393438,
        0.08434318963121573,
        0.299784581405078,
        0.191863077983523,
        -0.006061800705181563,
        0.1923627058634067,
        0.193666997824601,
        0.1864252168874196,
        0.2551316328673422,
        0.06302269578431723,
        0.21632476498728703,
        0.15346708567239148,
        0.08134327769134608,
        0.19134470156301714,
        0.22082134426347538,
        -0.08610776202381099,
        0.10395784588835602,
        0.22628910369034427,
        0.27545990439809964,
        0.23822391975505894,
        0.3007530113036214,
        0.13052062089668723,
        0.2951849742106572,
        0.32446187467825444
    ],
    "cost": [
        0.023221887236338105,
        0.022194106038885084,
        0.020361076802607507,
        0.025528621724680067,
        0.07788494766171923,
        0.03615827735656017,
        0.04573810694015721,
        0.025073969569224953,
        0.07115472812179338,
        0.08854634951735689,
        0.015492030760502918,
        0.059554346789353486,
        0.023760074807341998,
        0.03887018923528262,
        0.27022897468705864,
        0.04096574935306328,
        0.16917398895864927,
        0.018962273250165897,
        0.021784987460877765,
        0.016948326493209553,
        0.09705063977066722,
        0.034736868955083156,
        0.027078922307286042,
        0.03561388688991544,
        0.07451102358796473,
        0.07080513216731076,
        0.07078867719402815,
        0.01891011432000194,
        0.042620394844523506,
        0.024268663293378977,
        0.037640216803926194,
        0.01747520533928458,
        0.059445115034385695,
        0.0346823837500326,
        0.025985062322991137,
        0.02329448409731317,
        0.05224951720059422,
        0.022683600889846958,
        2.5932021490041377,
        0.022870429290925778,
        0.022249725585468443,
        0.015543936350629084,
        0.02406565309729387,
        0.04022476806615037,
        0.0798575857596619,
        0.02030707984689114,
        0.01598940708550003,
        0.020794897387767124,
        0.023877645628648456,
        0.01138513931985685,
        0.02651567847623081,
        0.04986478984689111,
        0.07620880857982755,
        0.01709862466604615,
        0.027728276484660207,
        0.016793939637865622,
        0.027687985238706914,
        0.02486413728382835,
        0.026543628100370736,
        0.012478370365241465
    ]
}