{
    "total": [
        0.26691439162558794,
        0.18165845787533164,
        0.11386209967277752,
        0.1692662009742114,
        0.22633757338720573,
        0.12285720442741802,
        0.31061560038445485,
        0.23676025868229722,
        0.3065281208594944,
        0.10299046441132957,
        -0.03720095684030557,
        0.2298137913523489,
        0.20184260970302645,
        0.23903602895144535,
        0.09542553433439341,
        0.21654503919247264,
        0.054105403606370416,
        0.13886344532156628,
        0.052720139878804216,
        0.03501714663263975,
        0.2202113582882698,
        0.1654472076008951,
        0.26929286104160427,
        0.20427570182435345,
        0.13124313058664894,
        0.23095645538324328,
        -0.04030412554568432,
        0.28421405750524176,
        0.12730536954817437,
        0.1373758756289391,
        0.15047296359402312,
        0.18009119602367782,
        0.04788584343146977,
        0.11046783328076763,
        0.11785195911239701,
        0.13062910449969886,
        0.19785489801460138,
        0.03884537449970222,
        -4.121263552035526,
        0.3236725609210195,
        0.1388782905997247,
        0.06818220710153144,
        -0.1837076624353775,
        0.14617843956070306,
        0.15203824128230684,
        0.220335058849856,
        0.14543792171854264,
        0.1930959985398002,
        0.1770280778559736,
        0.06200143614386391,
        0.23796544546587248,
        0.16185406855850729,
        -0.2759536334791678,
        0.24270508410193833,
        0.23833396311517605,
        0.28085792252415415,
        0.16037441700150237,
        0.2395338390555874,
        0.17454491633543465,
        0.2084182005253415
    ],
    "computation": [
        0.307560771740525,
        0.2083145448230078,
        0.15325284630088093,
        0.22953454423923364,
        0.2588207639032071,
        0.18618416366825624,
        0.3271995784394827,
        0.25664938243196284,
        0.3265407778662591,
        0.13220283752260348,
        0.11938761528996467,
        0.2525713023226847,
        0.22544921446585375,
        0.26150735482910376,
        0.16550457020447262,
        0.26002267001428436,
        0.1919922640631111,
        0.16519403413003345,
        0.09064712369740607,
        0.06687372656762373,
        0.2981115081566884,
        0.20070531552358534,
        0.29655460441368847,
        0.21978504903599952,
        0.1579689807976247,
        0.3160378218888403,
        0.13295187754807564,
        0.3064328401774109,
        0.18230407320798606,
        0.1648936619754624,
        0.17784686320884507,
        0.21590731097297572,
        0.11125598223406263,
        0.1444960953190654,
        0.15767359509418158,
        0.2524263281701922,
        0.22591015456026858,
        0.2217208666355403,
        0.09365051328508885,
        0.34437213953149765,
        0.22225699204206012,
        0.17927548171799762,
        0.11843699264515077,
        0.20729153207011203,
        0.22597926277373026,
        0.2538409737175536,
        0.17599108961856197,
        0.25019621738088116,
        0.20586713934111822,
        0.11078068479925504,
        0.26702803406640374,
        0.19433414038939276,
        0.14828178176643464,
        0.30742902060587085,
        0.31233165743524915,
        0.31765785360575005,
        0.18032396494876682,
        0.3057738006820254,
        0.19788507870048072,
        0.25305796719660295
    ],
    "cost": [
        0.040646380114936924,
        0.0266560869476761,
        0.03939074662810344,
        0.060268343265022194,
        0.032483190516001355,
        0.06332695924083824,
        0.016583978055027895,
        0.01988912374966561,
        0.020012657006764707,
        0.029212373111273903,
        0.15658857213027022,
        0.022757510970335713,
        0.02360660476282731,
        0.02247132587765841,
        0.07007903587007924,
        0.043477630821811795,
        0.13788686045674073,
        0.02633058880846712,
        0.03792698381860184,
        0.03185657993498397,
        0.07790014986841866,
        0.0352581079226902,
        0.02726174337208421,
        0.01550934721164606,
        0.02672585021097574,
        0.08508136650559703,
        0.17325600309376007,
        0.022218782672169125,
        0.05499870365981163,
        0.027517786346523253,
        0.027373899614822027,
        0.03581611494929786,
        0.06337013880259286,
        0.034028262038297744,
        0.03982163598178456,
        0.12179722367049342,
        0.028055256545667186,
        0.1828754921358382,
        4.214914065320615,
        0.02069957861047824,
        0.08337870144233546,
        0.11109327461646616,
        0.30214465508052835,
        0.06111309250940896,
        0.07394102149142348,
        0.03350591486769758,
        0.030553167900019385,
        0.05710021884108098,
        0.0288390614851446,
        0.04877924865539118,
        0.029062588600531243,
        0.03248007183088551,
        0.42423541524560243,
        0.06472393650393246,
        0.07399769432007317,
        0.03679993108159595,
        0.01994954794726442,
        0.06623996162643798,
        0.023340162365046026,
        0.04463976667126145
    ]
}