{
    "total": [
        3.4265043864858833,
        3.308718457162656,
        9.311997324090779,
        7.993792299713111,
        -1.4835860455419383,
        2.994091212487848,
        3.5311897117044007,
        11.45449873945623,
        14.301584631378216,
        -3.2457644732950315,
        16.024772981246006,
        2.76244049793993,
        2.6783602325835525,
        1.089836401898007,
        4.780290318712469,
        0.5773124338194608,
        -1.5370772989634047,
        2.0014890634069724,
        9.688774575817144,
        7.665330662294889,
        9.3479393572879,
        6.184665687641531,
        5.9739052808936215,
        12.098839846115911,
        6.480278358351005,
        10.730847448016064,
        7.086676639155454,
        13.51313546524589,
        7.850695108823953,
        7.217601123086313,
        11.845021003154594,
        8.894587808242026,
        0.6812421135845448,
        2.288404787119412,
        5.9524715378287825,
        7.872248731591301,
        0.352082151827644,
        8.29830214241416,
        -50.54211475844685,
        6.653857284645108,
        -0.7896185346104222,
        8.86545598713287,
        8.581722925091197,
        10.048654439602538,
        4.1740762314215445,
        1.826577787518633,
        9.604612174135301,
        8.582434770329192,
        7.251459201985972,
        11.714809915835659,
        5.890917237861535,
        -5.347833322451203,
        2.825048529790377,
        8.7415688158619,
        8.778424937866898,
        10.192646148384362,
        10.51298169197708,
        2.881762103069816,
        15.554253068453281,
        15.83282536016741
    ],
    "computation": [
        4.553386522665479,
        4.323548995076171,
        10.399614704555155,
        9.682996530469842,
        2.542920646917377,
        5.061163039137191,
        4.922597514441039,
        12.65523017359693,
        16.67952216077866,
        -0.21445094628292435,
        17.688453623191936,
        4.798033289885611,
        3.779664350892496,
        5.559647496854641,
        10.979863249523783,
        2.9546954040859,
        7.774785781518288,
        3.1409489812189837,
        11.125960131823987,
        8.760494513002651,
        12.31711719912819,
        7.483130428000247,
        7.553391901407532,
        13.345235427613781,
        9.609765976445988,
        11.569090170213148,
        10.372452984873476,
        14.685013493140113,
        10.429634593955607,
        8.631156160353068,
        13.223031123421919,
        9.746292743965013,
        3.0429982301235885,
        3.9405171537877566,
        7.088727735566079,
        9.55048822260115,
        2.5544519507638355,
        9.459576451118874,
        15.025174493103558,
        7.671765506831211,
        0.5041064587072356,
        9.579177414800391,
        9.815142184528172,
        11.78722706999117,
        8.112272108382935,
        2.952331775814901,
        10.426130191118926,
        9.473990525973406,
        8.607922560636487,
        12.269906881758391,
        6.88514594224265,
        -2.5287996370817045,
        4.973305814649362,
        9.671510496347192,
        10.354213897250663,
        11.29948977301308,
        11.81907797810934,
        3.9395457651237784,
        16.654678373199076,
        16.372654403982896
    ],
    "cost": [
        1.1268821361795929,
        1.014830537913517,
        1.0876173804643758,
        1.6892042307567319,
        4.026506692459317,
        2.0670718266493453,
        1.3914078027366386,
        1.200731434140696,
        2.3779375294004463,
        3.0313135270121077,
        1.6636806419459336,
        2.035592791945678,
        1.1013041183089438,
        4.469811094956638,
        6.199572930811311,
        2.377382970266441,
        9.311863080481693,
        1.139459917812013,
        1.437185556006846,
        1.095163850707759,
        2.9691778418402865,
        1.298464740358715,
        1.579486620513913,
        1.246395581497866,
        3.1294876180949833,
        0.8382427221970877,
        3.285776345718019,
        1.1718780278942276,
        2.578939485131655,
        1.413555037266755,
        1.378010120267326,
        0.8517049357229854,
        2.3617561165390453,
        1.652112366668345,
        1.1362561977372951,
        1.6782394910098475,
        2.2023697989361914,
        1.1612743087047135,
        65.56728925155038,
        1.0179082221861062,
        1.2937249933176562,
        0.7137214276675208,
        1.233419259436976,
        1.738572630388634,
        3.9381958769613887,
        1.1257539882962677,
        0.8215180169836254,
        0.8915557556442131,
        1.3564633586505175,
        0.555096965922731,
        0.9942287043811175,
        2.8190336853694986,
        2.1482572848589867,
        0.929941680485293,
        1.5757889593837626,
        1.1068436246287208,
        1.306096286132261,
        1.0577836620539596,
        1.1004253047457935,
        0.5398290438154829
    ]
}