{
    "total": [
        0.6553374288288933,
        1.3627710998278122,
        1.963751999847527,
        2.4039015821113265,
        -0.4080647335204997,
        0.3837985706429615,
        0.7927161914814917,
        1.9472587279471316,
        2.860350563683688,
        -0.9171550629261069,
        2.5616767058946666,
        0.4921409056802986,
        0.6201864837481459,
        0.7088823512598903,
        0.9418512905756596,
        0.03050022416906124,
        0.737472919967413,
        -1.4192821361719414,
        2.2919552163904062,
        0.791825190702782,
        1.3848664381103555,
        1.4749486998978851,
        0.36273249287768017,
        2.162186504967396,
        1.328066370662889,
        1.9257092837433878,
        1.5999785623504255,
        3.033840949186824,
        1.7762201684912438,
        1.3754121248981401,
        2.345939319586553,
        2.248253934926636,
        0.39961458741166195,
        -0.19550554663461073,
        1.9006995826867032,
        1.5292164144764098,
        0.20296899702366117,
        1.4057713609016749,
        -22.951933040831083,
        1.3006740182094831,
        -0.9741594694363507,
        1.3560868609552077,
        1.2848016147864825,
        1.626412717256222,
        1.584634068377885,
        0.7277281258595403,
        1.7284950651859305,
        1.5883093814636582,
        1.2330713804247881,
        2.6247221956851683,
        0.8998745672490871,
        -1.952469509789609,
        0.5926795688455636,
        1.7590189000676872,
        2.395665425289314,
        1.6669741308229233,
        2.354599109184988,
        0.6650009406392254,
        3.353943204935631,
        2.613325993216958
    ],
    "computation": [
        0.8619260418702577,
        1.5948032258859681,
        2.140184299146028,
        2.715177570608454,
        0.9161197164064688,
        0.713459958187736,
        1.2033120670938953,
        2.2755113262188282,
        3.54416207285564,
        -0.295498981467455,
        2.917495611608698,
        0.9497609148399722,
        0.9186178816164976,
        1.0685767834544269,
        2.4195225163743688,
        0.6961680938402693,
        2.0042528738161356,
        0.9363699209347638,
        2.5320403008082666,
        1.0504553846603166,
        2.5995262845838942,
        1.8575454522178731,
        0.6510815652955558,
        2.5413718334692375,
        2.0252654103749945,
        2.442498710417418,
        2.4785555107755273,
        3.2577067812886105,
        2.1788964932089843,
        1.6161204116138783,
        2.6014303184352316,
        2.4079854863580996,
        1.0103565638145882,
        0.23104974611668183,
        2.0965177512978768,
        1.87341596651437,
        0.7903137937994945,
        1.6369606841747906,
        2.8132321756915415,
        1.5542485742012664,
        -0.7520525928035539,
        1.5183446699299548,
        1.4755732924032985,
        2.12980003670754,
        2.250315890018495,
        0.9316976478837183,
        1.8952323031221525,
        1.8281025696087532,
        1.446406036296636,
        2.764577394346634,
        1.078788724278844,
        -1.4910670967891169,
        1.4059680191197645,
        1.9798112142899598,
        2.668811272721019,
        1.8969683569104294,
        2.5533026746556056,
        0.8746189317128878,
        3.6272047909761556,
        2.748109943121687
    ],
    "cost": [
        0.20658861304136447,
        0.2320321260581558,
        0.1764322992985008,
        0.31127598849712695,
        1.3241844499269688,
        0.3296613875447746,
        0.4105958756124032,
        0.3282525982716965,
        0.683811509171952,
        0.6216560814586523,
        0.35581890571403085,
        0.4576200091596734,
        0.29843139786835066,
        0.3596944321945363,
        1.4776712257987097,
        0.6656678696712082,
        1.2667799538487228,
        2.355652057106705,
        0.24008508441786006,
        0.2586301939575354,
        1.2146598464735388,
        0.38259675231998774,
        0.2883490724178752,
        0.3791853285018415,
        0.6971990397121064,
        0.51678942667403,
        0.8785769484251015,
        0.2238658321017868,
        0.4026763247177413,
        0.24070828671573855,
        0.25549099884867854,
        0.15973155143146428,
        0.6107419764029263,
        0.4265552927512936,
        0.19581816861117302,
        0.3441995520379611,
        0.5873447967758335,
        0.23118932327311578,
        25.76516521652265,
        0.2535745559917832,
        0.2221068766327972,
        0.16225780897474684,
        0.19077167761681632,
        0.5033873194513189,
        0.6656818216406105,
        0.20396952202417826,
        0.16673723793622233,
        0.23979318814509548,
        0.2133346558718479,
        0.13985519866146584,
        0.17891415702975727,
        0.46140241300049245,
        0.8132884502742008,
        0.22079231422227275,
        0.2731458474317042,
        0.22999422608750614,
        0.19870356547061724,
        0.2096179910736622,
        0.27326158604052486,
        0.1347839499047291
    ]
}