{
    "total": [
        0.0911355028330675,
        0.06548711197790832,
        0.13448753161025243,
        0.15381351308282892,
        0.10611139104712544,
        0.020298216044281246,
        0.06351645276583469,
        0.25032461676836226,
        0.31350528717069637,
        -0.13989706023184878,
        0.21114516156171184,
        0.12889009769789656,
        0.013365918646208064,
        0.07161186786583885,
        0.044322122216714416,
        0.11920287436829757,
        0.0173844791481395,
        -0.16713978624005738,
        0.31590062655181655,
        0.14614578334734551,
        0.22153165223427815,
        0.13796190612692188,
        0.011055521318868205,
        0.17362054543663613,
        0.13675400752053254,
        0.21301945906807201,
        0.11937102745918415,
        0.28664982216655444,
        0.15494764773289277,
        0.1452987461753206,
        0.2744466272517511,
        0.2111465184703838,
        0.05405977466297991,
        0.09621297900729657,
        0.1522118328750004,
        0.06677463751723237,
        0.009561122557763401,
        0.0643449705821916,
        -0.6167033743712734,
        0.14533970292341783,
        -0.07821997637433872,
        0.21495788677181152,
        0.1747163185437191,
        0.15243480415291205,
        0.12545744105595347,
        0.03813205088141105,
        0.12075893169305504,
        0.10765860101190794,
        0.11653663629592954,
        0.17167090436356344,
        0.14906949771931882,
        -0.18938147823567478,
        0.03790468785173344,
        0.17239784028242286,
        0.20887064599066701,
        0.23086834488841795,
        0.2310531632845169,
        0.09837371813546056,
        0.29631427159141654,
        0.24836812698146699
    ],
    "computation": [
        0.11441259201185139,
        0.09379482999709286,
        0.15827723048057268,
        0.18468951593222394,
        0.13059716113328718,
        0.06413941984591616,
        0.0981279651135246,
        0.2796229540579318,
        0.37654365519806704,
        -0.07367914760731914,
        0.26470127162007123,
        0.1598557113385692,
        0.03856682495025532,
        0.14698148724798804,
        0.19831986319427036,
        0.15309741527550166,
        0.12624494850171722,
        0.06703627032932476,
        0.33961308839896254,
        0.16543557611861165,
        0.29636735783987134,
        0.1762324571403911,
        0.0359293718318017,
        0.19978181542566253,
        0.20100256419130832,
        0.26516437086199707,
        0.2514526915251408,
        0.3145214120713803,
        0.18618632152908193,
        0.16926167013146748,
        0.29803268966112806,
        0.2279149330358082,
        0.10111404571404754,
        0.1370809065342031,
        0.17555398764946437,
        0.09264756354565398,
        0.06705817147808263,
        0.1051935059475407,
        0.27785409365099867,
        0.17608465410395496,
        -0.05061831404987079,
        0.22921531559918834,
        0.1910776788767597,
        0.1973088124387839,
        0.26234098155968616,
        0.06023748166123246,
        0.13314559497535136,
        0.12891619257787418,
        0.13796718818445713,
        0.1843103747525669,
        0.16847902966968017,
        -0.1434247096038411,
        0.09009509771788654,
        0.19072487028653076,
        0.24129526255315809,
        0.2548662004333332,
        0.2714564517147914,
        0.11663477056224689,
        0.31544042297653757,
        0.26158238181914356
    ],
    "cost": [
        0.023277089178783867,
        0.02830771801918457,
        0.023789698870320265,
        0.03087600284939502,
        0.024485770086161724,
        0.04384120380163496,
        0.03461151234768998,
        0.029298337289569498,
        0.06303836802737063,
        0.06621791262452967,
        0.05355611005835942,
        0.030965613640672636,
        0.025200906304047192,
        0.07536961938214928,
        0.15399774097755592,
        0.03389454090720407,
        0.1088604693535777,
        0.23417605656938228,
        0.023712461847145976,
        0.019289792771266162,
        0.0748357056055933,
        0.03827055101346923,
        0.024873850512933483,
        0.026161269989026327,
        0.0642485566707757,
        0.052144911793924956,
        0.13208166406595664,
        0.02787158990482585,
        0.031238673796189144,
        0.023962923956146947,
        0.023586062409376947,
        0.016768414565424473,
        0.04705427105106762,
        0.04086792752690653,
        0.023342154774464014,
        0.025872926028421617,
        0.05749704892031922,
        0.0408485353653491,
        0.8945574680222727,
        0.030744951180537154,
        0.02760166232446799,
        0.014257428827376895,
        0.016361360333040552,
        0.04487400828587186,
        0.13688354050373283,
        0.022105430779821432,
        0.012386663282296286,
        0.021257591565966242,
        0.021430551888527556,
        0.012639470389003343,
        0.019409531950361388,
        0.04595676863183365,
        0.05219040986615307,
        0.01832703000410793,
        0.03242461656249103,
        0.023997855544915337,
        0.04040328843027447,
        0.01826105242678633,
        0.019126151385120947,
        0.013214254837676503
    ]
}