{
    "total": [
        0.17006296698475082,
        0.15427109071336878,
        0.17422101679574653,
        0.20974602523061278,
        0.18289624555917036,
        0.1200436077549671,
        0.1084233428634687,
        0.16904242664602306,
        0.07127461773053298,
        0.24360612359848371,
        0.17336376120776661,
        0.24513391407874924,
        0.23208931295472873,
        0.12334497350585612,
        0.10686197771562826,
        0.12314646395907007,
        0.18474924224641626,
        0.16017869249420952,
        0.128765731475416,
        0.2657331373741413,
        0.14207143335181172,
        0.07848089805212899,
        -87.27159341338731,
        0.08217272871654839,
        0.19846198616156435,
        0.20962602010811268,
        0.15010275622114036,
        0.06769223214333822,
        0.13987649220344417,
        -0.4107050806122228,
        -0.1274388779204632,
        0.13407491587977544,
        0.09350934227342662,
        0.11388504988512649,
        0.21215008205400884,
        0.1899483032771152,
        0.28510222849289735,
        0.17187208972599458,
        0.13606113995091024,
        0.1854556292540896,
        0.14762605439757176,
        0.13012298109685477,
        0.21824533276264324,
        0.1935318367487509,
        0.09985295654957041,
        0.04556795187003136,
        0.07177273247870632,
        0.3003933341911935,
        0.2441350034546034,
        0.026546853048985786,
        0.1873175598990278,
        0.13895377197757267,
        0.17894618409669033,
        0.10285642765874588,
        0.011456394433216485,
        0.2311450286196038,
        0.19758003061727436,
        0.10674203432886545,
        0.13788744948246784,
        0.05633684307783876
    ],
    "computation": [
        0.21636714963657244,
        0.2780531510610801,
        0.1942987467989637,
        0.24153494175774548,
        0.20278254184353361,
        0.19492427613518368,
        0.13864213320974375,
        0.19914907185051386,
        0.13323604139053974,
        0.2866460600529085,
        0.19273384130696747,
        0.26304067843071105,
        0.2858716111455115,
        0.14169201309795643,
        0.13136769259277484,
        0.15619398988761124,
        0.21372580287089313,
        0.19874478733359663,
        0.16435479200972752,
        0.2846616464782949,
        0.1737817530420882,
        0.10148502760421826,
        0.24100608301255838,
        0.14948254718733056,
        0.2237232268546414,
        0.24066335756592724,
        0.21841917880725448,
        0.10024463067209152,
        0.17051056929335792,
        0.0932927661973568,
        0.1317226016034896,
        0.1763166157077492,
        0.1368005217224489,
        0.13415002430582174,
        0.24001117914255637,
        0.2030140687021699,
        0.31426143554451846,
        0.2150184973726911,
        0.20268708011722286,
        0.21275933771957822,
        0.1804584331042222,
        0.1537172797803054,
        0.254843539823045,
        0.22731282062620423,
        0.2181021595336768,
        0.07996923572789723,
        0.10081165979599627,
        0.32670618839554105,
        0.261999336682153,
        0.04953794357487149,
        0.23856946752002856,
        0.17495289134359998,
        0.20174388325583498,
        0.12598672179155307,
        0.04263623230219089,
        0.25883089886966665,
        0.2481158245471685,
        0.16690493418282176,
        0.15801515044963693,
        0.08285722033742762
    ],
    "cost": [
        0.0463041826518217,
        0.12378206034771126,
        0.020077730003217102,
        0.03178891652713274,
        0.01988629628436327,
        0.07488066838021666,
        0.030218790346274976,
        0.0301066452044908,
        0.061961423660006745,
        0.04303993645442471,
        0.01937008009920084,
        0.01790676435196175,
        0.053782298190782785,
        0.018347039592100274,
        0.024505714877146572,
        0.03304752592854115,
        0.028976560624476833,
        0.0385660948393871,
        0.03558906053431151,
        0.018928509104153585,
        0.03171031969027653,
        0.0230041295520893,
        87.51259949639984,
        0.06730981847078213,
        0.025261240693077103,
        0.03103733745781458,
        0.06831642258611414,
        0.032552398528753294,
        0.030634077089913773,
        0.5039978468095795,
        0.25916147952395263,
        0.04224169982797378,
        0.043291179449022214,
        0.02026497442069521,
        0.02786109708854752,
        0.013065765425054656,
        0.029159207051621068,
        0.04314640764669654,
        0.0666259401663126,
        0.02730370846548865,
        0.03283237870665037,
        0.02359429868345061,
        0.03659820706040172,
        0.03378098387745336,
        0.11824920298410642,
        0.03440128385786587,
        0.02903892731728997,
        0.026312854204347664,
        0.017864333227549604,
        0.02299109052588571,
        0.05125190762100075,
        0.03599911936602728,
        0.022797699159144647,
        0.02313029413280718,
        0.03117983786897439,
        0.0276858702500629,
        0.050535793929894046,
        0.06016289985395633,
        0.020127700967169124,
        0.026520377259588845
    ]
}