{
    "total": [
        -0.7420454402276166,
        -0.6469557111477003,
        -0.46473509771693366,
        -1.0812985699973412,
        -1.0931167367848718,
        -1.3988918145336786,
        -1.1931860562196817,
        -0.8132019709241313,
        -2.2457791378391736,
        -1.9194479017215755,
        -0.5735209144237428,
        -1.754655571003609,
        -1.0272665647590657,
        -2.8254801833583985,
        -10.637317797433687,
        -2.699510776256108,
        -3.864846226614717,
        -0.8715582104139615,
        -0.8636007270008337,
        -0.6139663580465143,
        -3.240491208207456,
        -1.0273916025487477,
        -1.0230593010529527,
        -0.8158436995199685,
        -4.308046182708812,
        -1.8116459176887978,
        -3.031406847643077,
        -0.5762213701188553,
        -0.7452940303557919,
        -0.7900420182949583,
        -0.792534402062883,
        -0.45547268637096483,
        -1.6290337229064646,
        -1.1750935429947473,
        -0.7382211186558463,
        -1.3784967493008609,
        -1.317998966950374,
        -0.902026619017378,
        -104.81114876723875,
        -0.7451544955023653,
        -0.9017709157595298,
        -0.3293120648886991,
        -0.6683178516620008,
        -1.2642557474866443,
        -5.346943553825126,
        -0.8630352936137738,
        -0.27800379118835183,
        -0.6237828303021435,
        -0.7104524940376135,
        -0.2999394742251918,
        -0.9618605990296224,
        -1.980616358364049,
        -1.729267448434603,
        -0.5481957399987765,
        -0.7598821075285013,
        -0.7648445675710092,
        -0.9887941380650449,
        -0.8518611309034583,
        -0.7745118210723783,
        -0.08783293700349441
    ],
    "computation": [
        0.0767098990302697,
        0.08383969803010802,
        0.2000680636237288,
        0.17446947945148977,
        0.13559226030672428,
        0.05876833538731607,
        0.04883179813331943,
        0.2538380957742491,
        0.3049307846914314,
        0.01822854171137309,
        0.27715622994073025,
        0.09378065326798635,
        0.012827866151762502,
        0.12477627060912726,
        0.26491983487260107,
        0.11581349742877185,
        0.1352092169715678,
        0.08389618332854756,
        0.2530990618694856,
        0.24858524821963984,
        0.2365691356518346,
        0.11280271971097304,
        0.11136422134230159,
        0.25676289627115023,
        0.1827939299708679,
        0.22498276269090517,
        0.23546574922547459,
        0.33053459000374497,
        0.21860665567015233,
        0.1764798604061652,
        0.19508912957218377,
        0.27145390685185633,
        0.1368576723491891,
        0.09888656680042804,
        0.24519242550007983,
        0.14935073161324078,
        0.08077931940060125,
        0.11424423515320166,
        0.3078459488198078,
        0.1752854459430923,
        -0.02602146078952013,
        0.2089770105589462,
        0.12448452070469385,
        0.2326383318334934,
        0.23157427723621787,
        0.08808629782607078,
        0.19728802416501573,
        0.1587152422762121,
        0.08696462058709672,
        0.18727012740950583,
        0.15995001061915487,
        -0.17035405221687658,
        0.1222407176540908,
        0.27065415773188184,
        0.23774424281067424,
        0.28727363319844257,
        0.31293910786291734,
        0.08962382935084898,
        0.2940324318209185,
        0.3251042183413779
    ],
    "cost": [
        0.02046888348144716,
        0.018269885229445216,
        0.016620079033516564,
        0.03139420123622077,
        0.030717724927289913,
        0.036441503748024864,
        0.031050446358825028,
        0.026676001667459502,
        0.06376774806326511,
        0.0484419110858237,
        0.02126692860911182,
        0.04621090560678988,
        0.026002360772770718,
        0.07375641134918813,
        0.2725559408076571,
        0.07038310684212197,
        0.10000138608965717,
        0.023886359843562726,
        0.027917494721757984,
        0.021563790156653856,
        0.08692650859648224,
        0.02850485805649302,
        0.028360588059881363,
        0.026815164894777976,
        0.11227100281699205,
        0.050915717009492545,
        0.08167181492171378,
        0.022668899003065006,
        0.02409751715064861,
        0.024163046967528086,
        0.024690588290876673,
        0.018173164830570528,
        0.044147284881391344,
        0.031849502744879375,
        0.024585338603898155,
        0.038196187022852546,
        0.034969457158774385,
        0.025406771354264494,
        2.6279748679014667,
        0.02301099853613644,
        0.021893736374250246,
        0.013457226886191132,
        0.019820059309167366,
        0.037422351983003456,
        0.13946294577653362,
        0.023778039785996116,
        0.011882295383834191,
        0.019562451814458894,
        0.019935427865617757,
        0.012180240040867442,
        0.02804526524121943,
        0.0452565576536793,
        0.04628770415221735,
        0.020471247443266456,
        0.024940658758479388,
        0.026302955019236296,
        0.032543331148199066,
        0.023537124006357688,
        0.026713606322332422,
        0.010323428883621808
    ]
}