{
    "total": [
        0.21552740518039953,
        0.21319196514113398,
        0.18006046498119083,
        0.2847291594526623,
        0.1901489807520785,
        0.19415709980940082,
        0.31303416282100766,
        -3.112105524580408,
        0.21224496300409196,
        0.13628619702649,
        0.20295946852183108,
        0.11997448194895552,
        0.18863467495579217,
        0.10611132496046641,
        0.23001815650098675,
        0.16925586907033133,
        0.20177477624502918,
        0.21136241187745947,
        0.14759164922501938,
        0.14304634004556663,
        0.2789363883059489,
        0.2124374106567052,
        0.3071621721564142,
        0.31297563412165985,
        0.16878171230973282,
        0.08384163847068983,
        0.14866245186117927,
        0.2879987042537755,
        0.11226139919952975,
        0.3055110910009676,
        0.2501162075577612,
        0.10064045690944375,
        0.24143624842741335,
        0.2170387857114287,
        0.24581159436721997,
        0.267007939675348,
        0.1734596013781488,
        0.24158033150507768,
        0.1923953536326608,
        0.1711015793061404,
        0.31861843376340626,
        0.017425605666379886,
        0.17675301423670353,
        0.24468268246091304,
        0.20232662064088217,
        0.18721712867639156,
        0.25628597078500037,
        0.046040799647913626,
        0.25003782593776325,
        0.17834129572745483,
        0.26861721423094237,
        0.06657765329502748,
        0.20910686636115447,
        0.25536546604754934,
        0.15708572307951926,
        0.29572009862074056,
        0.21501944337879494,
        0.14747900037944367,
        0.06757103004543182,
        0.13634195821538725
    ],
    "computation": [
        0.23839495436033525,
        0.24283193408909143,
        0.20862400942542836,
        0.3087663856811216,
        0.21163105233080723,
        0.23741109284109413,
        0.3443306387520211,
        0.32368387025873446,
        0.268131165170142,
        0.17889368147959,
        0.23789272721264815,
        0.250991692429789,
        0.21941458955663737,
        0.16683595308420593,
        0.25127803004127486,
        0.20649838449402197,
        0.2439220238866544,
        0.3073066888312094,
        0.17250202029868453,
        0.16672949175995894,
        0.3035178792023843,
        0.2426749057596857,
        0.35531119487556817,
        0.3489935181751969,
        0.2385685681357576,
        0.11835363954359335,
        0.22115268728133058,
        0.30803308349194,
        0.14335273261385864,
        0.333547525607125,
        0.28332880033417573,
        0.1702540911475514,
        0.2707075538476747,
        0.2534367001507592,
        0.29465076416862956,
        0.3112134479610341,
        0.2021674980191655,
        0.26482288152507466,
        0.2908712272903256,
        0.24801011634837136,
        0.3499172275570923,
        0.2872646761565778,
        0.22426587035735754,
        0.2714112553953197,
        0.22921402194664223,
        0.21492557626677247,
        0.2871314484996535,
        0.1258262046198156,
        0.28526465029099074,
        0.23444071717101544,
        0.29654260932473714,
        0.11311161298031643,
        0.2665978284729492,
        0.27843921907601965,
        0.1978332504286433,
        0.3267228984135987,
        0.2600618820648647,
        0.1868271627011569,
        0.11873165429605707,
        0.16031386144562929
    ],
    "cost": [
        0.022867549179935717,
        0.029639968947957472,
        0.02856354444423752,
        0.024037226228459184,
        0.021482071578728768,
        0.043253993031693264,
        0.03129647593101344,
        3.4357893948391434,
        0.055886202166050024,
        0.04260748445310005,
        0.03493325869081703,
        0.13101721048083348,
        0.030779914600845178,
        0.060724628123739466,
        0.021259873540288125,
        0.03724251542369063,
        0.04214724764162529,
        0.09594427695374982,
        0.024910371073665106,
        0.023683151714392288,
        0.024581490896435368,
        0.030237495102980527,
        0.04814902271915397,
        0.03601788405353704,
        0.06978685582602483,
        0.03451200107290347,
        0.07249023542015129,
        0.02003437923816453,
        0.031091333414328882,
        0.028036434606157283,
        0.0332125927764146,
        0.06961363423810765,
        0.029271305420261334,
        0.03639791443933042,
        0.04883916980140957,
        0.044205508285686146,
        0.02870789664101666,
        0.023242550019997022,
        0.09847587365766483,
        0.07690853704223098,
        0.03129879379368603,
        0.2698390704901979,
        0.04751285612065397,
        0.02672857293440664,
        0.02688740130576,
        0.02770844759038088,
        0.030845477714653173,
        0.07978540497190198,
        0.03522682435322759,
        0.05609942144356054,
        0.027925395093794787,
        0.04653395968528898,
        0.05749096211179479,
        0.02307375302847034,
        0.04074752734912405,
        0.031002799792858044,
        0.04504243868606972,
        0.039348162321713225,
        0.051160624250625286,
        0.02397190323024203
    ]
}