{
    "total": [
        -0.22868867389151237,
        0.18445019698836967,
        0.18911031524864869,
        0.13369743143053445,
        0.19840293277192267,
        0.1947603184083258,
        0.16103840854830762,
        0.08778836728655304,
        0.10995638968795585,
        0.198967776932705,
        0.1292140724607096,
        -0.02894338406669722,
        0.18135350571723047,
        0.15382230563962745,
        -0.03652889861992017,
        0.17910688706484384,
        0.06634175772015448,
        0.12543305814039046,
        0.12906839251428498,
        0.1828458169638047,
        0.11711758747318983,
        0.139451264141275,
        0.05854106264310212,
        0.17450312668639872,
        0.2495469158386447,
        0.08020546734814946,
        0.26871794296065526,
        0.22843463142000386,
        0.08175565533702478,
        0.047681505115656456,
        -0.0015368876923371132,
        0.11741715189640227,
        0.2892803535318289,
        0.027327924629164002,
        0.14749183278156436,
        0.15409300833868853,
        0.28245964236657456,
        0.04137461952508103,
        0.16818579614376875,
        0.12633807542697897,
        0.2537376774452802,
        0.1399426443582683,
        0.08909804067165406,
        0.21988179593393076,
        0.17110509756937767,
        0.1874970545533679,
        0.23870504964604705,
        0.27619111167109506,
        0.2667436199159946,
        0.12307253213921662,
        0.18170061300734588,
        0.2681715357258968,
        0.22316593424229603,
        0.13076201399889104,
        0.2159073893906795,
        0.2921898725754149,
        0.04395075946884802,
        0.2716453312177989,
        0.019575013108015696,
        -0.03446512126710209
    ],
    "computation": [
        0.020382028191830142,
        0.20244143948894608,
        0.21349451666370486,
        0.16760226962111804,
        0.2620484189330888,
        0.21541573186762183,
        0.1870765005685239,
        0.1300473427375432,
        0.12439627307021972,
        0.24025805883578005,
        0.18075247655761179,
        0.30755107936811993,
        0.20092541742382136,
        0.19116259306024733,
        -0.000755791729032516,
        0.2032190690186026,
        0.0943561917099832,
        0.14423695416597485,
        0.15995920984266024,
        0.20632007117533205,
        0.1324375110120739,
        0.16176998011717253,
        0.10032329113375638,
        0.19768264109562272,
        0.271374779233449,
        0.10373755868372063,
        0.30847446350841645,
        0.2561200600416521,
        0.11164091496859936,
        0.07932345562338941,
        0.036916339542030656,
        0.146193851464398,
        0.3084831562503385,
        0.07098019898123667,
        0.16948006327321935,
        0.1832392331684681,
        0.30578125703771025,
        0.06266582214790314,
        0.1927575025144223,
        0.15191600827248017,
        0.2791714857728271,
        0.18443606233532162,
        0.11298870664576652,
        0.24768799916287323,
        0.2012536820720042,
        0.24052388773637934,
        0.2570447250942324,
        0.2943243601747662,
        0.3006025641302919,
        0.19729023697814171,
        0.22119722898533026,
        0.2951082431248817,
        0.24065496515758739,
        0.16414248675004525,
        0.2468803452071438,
        0.30943555936770084,
        0.09706268651817403,
        0.28740042556448075,
        0.2380652060279158,
        0.04341971749655571
    ],
    "cost": [
        0.24907070208334253,
        0.01799124250057639,
        0.02438420141505615,
        0.033904838190583556,
        0.06364548616116608,
        0.02065541345929603,
        0.026038092020216293,
        0.04225897545099019,
        0.014439883382263912,
        0.04129028190307503,
        0.05153840409690219,
        0.3364944634348172,
        0.019571911706590887,
        0.037340287420619844,
        0.03577310689088761,
        0.024112181953758794,
        0.028014433989828745,
        0.018803896025584313,
        0.03089081732837527,
        0.02347425421152735,
        0.01531992353888409,
        0.022318715975897466,
        0.041782228490654286,
        0.023179514409223997,
        0.0218278633948043,
        0.023532091335571152,
        0.03975652054776126,
        0.027685428621648245,
        0.029885259631574568,
        0.03164195050773295,
        0.03845322723436776,
        0.028776699567995757,
        0.019202802718509663,
        0.04365227435207276,
        0.021988230491655027,
        0.029146224829779556,
        0.023321614671135686,
        0.02129120262282213,
        0.024571706370653555,
        0.025577932845501174,
        0.025433808327547002,
        0.04449341797705335,
        0.023890665974112487,
        0.027806203228942485,
        0.030148584502626575,
        0.05302683318301149,
        0.018339675448185353,
        0.018133248503671148,
        0.033858944214297304,
        0.07421770483892509,
        0.03949661597798442,
        0.02693670739898482,
        0.017489030915291352,
        0.0333804727511542,
        0.030972955816464153,
        0.017245686792285962,
        0.05311192704932601,
        0.015755094346681833,
        0.21849019291990007,
        0.07788483876365779
    ]
}