{
    "total": [
        -0.2557138408962494,
        -0.26868248714144355,
        -0.2977248320097568,
        -0.2969543459819696,
        -0.19481431728188822,
        -0.3329257846011551,
        -0.3482393098245751,
        -0.266795643895913,
        -0.29030592084856655,
        -5.815647934571009,
        -0.24136578554834115,
        -0.2950092950406698,
        -0.24881498931229648,
        -0.30672080330115314,
        -0.24001556390725254,
        -0.2060915112046342,
        -0.3062364642759533,
        -0.06494888659640473,
        -0.24030881536411447,
        -0.2180264259532821,
        -0.3270437192895083,
        -0.3108439992189441,
        -0.18925920351624456,
        -0.20873472020585465,
        -0.33923452548549915,
        -0.3451000042429209,
        -0.2911338138258549,
        -0.23387536236704132,
        -0.28233890930970384,
        -0.22808011063284725,
        -0.28801103609741885,
        -0.23284957548692975,
        -0.13791263658508757,
        -0.25066944163543725,
        -0.16237307236293877,
        -0.1701606169556093,
        -0.23038872657539283,
        -0.025343998847628856,
        -19.99096728359552,
        -0.34299909308499515,
        -0.20420634526709547,
        -0.19443354407845265,
        -0.2462322756976015,
        -0.16906393406199807,
        -0.06982907845740254,
        -0.1564994502086965,
        -0.11162827345286316,
        -0.28330413638953234,
        -0.2962167698579914,
        -0.15159372713389194,
        -0.3301730188006209,
        -0.2516166494914135,
        -0.0912820912347432,
        -0.18650279132428788,
        -0.2242680653429671,
        -0.13754706336073036,
        -0.15426331931625845,
        -0.05529753245233363,
        -0.2020986643813488,
        -0.13824533764160116
    ],
    "computation": [
        -0.23228652554579332,
        -0.248675191831272,
        -0.28152138604210686,
        -0.16013346596329497,
        -0.1815514485392165,
        -0.3101918047725919,
        -0.3121367886094194,
        -0.24501143350584917,
        -0.2677220975766903,
        -0.29513481881217996,
        -0.21310488103556544,
        -0.26365986861734714,
        -0.22295853348053757,
        -0.2898161630084322,
        -0.22320427483670388,
        -0.10964338631040937,
        -0.27237283792287076,
        -0.04465266504023268,
        -0.22129682326287364,
        -0.1995542658272032,
        -0.30742127855817436,
        -0.2916204687435183,
        -0.14730340953480053,
        -0.17475908095616757,
        -0.21892099902826967,
        -0.16654369991613724,
        -0.25894689173069263,
        -0.18293768934964066,
        -0.13754603629837192,
        -0.18727242205968597,
        -0.17265288097113757,
        -0.21029206227326364,
        -0.12305627085902,
        -0.22564828254653477,
        -0.14091269301228687,
        -0.1444446299339575,
        -0.20669987784947602,
        -0.010096315651836545,
        -0.1306076151801289,
        -0.31384229967561816,
        -0.17549094442392027,
        -0.16785051043013494,
        -0.20580473463414908,
        -0.13986052543192382,
        -0.053687603945509046,
        -0.13281959568954776,
        -0.08491090156213513,
        -0.2141873189593632,
        -0.27644443753162096,
        -0.12159194352553745,
        -0.3081286934736618,
        -0.23472906430329954,
        -0.07145870896737308,
        -0.13451307813236016,
        -0.1986397907016208,
        -0.11567777912309414,
        -0.11163504633517123,
        -0.02645093358966135,
        -0.16183916829923203,
        -0.10260363236063907
    ],
    "cost": [
        0.023427315350456068,
        0.02000729531017146,
        0.01620344596764996,
        0.13682088001867473,
        0.013262868742671716,
        0.022733979828563174,
        0.03610252121515577,
        0.02178421039006378,
        0.022583823271876236,
        5.520513115758829,
        0.028260904512775735,
        0.031349426423322654,
        0.025856455831758874,
        0.0169046402927209,
        0.016811289070548626,
        0.09644812489422476,
        0.03386362635308263,
        0.020296221556172084,
        0.019011992101240806,
        0.018472160126078958,
        0.019622440731333863,
        0.019223530475425778,
        0.04195579398144406,
        0.03397563924968715,
        0.12031352645722951,
        0.17855630432678357,
        0.032186922095162405,
        0.05093767301740064,
        0.14479287301133187,
        0.040807688573161235,
        0.1153581551262813,
        0.022557513213666024,
        0.014856365726067577,
        0.025021159088902446,
        0.021460379350651853,
        0.025715987021651836,
        0.0236888487259168,
        0.015247683195792339,
        19.86035966841539,
        0.029156793409376998,
        0.028715400843175275,
        0.026583033648317732,
        0.0404275410634524,
        0.02920340863007421,
        0.01614147451189349,
        0.0236798545191487,
        0.026717371890728044,
        0.06911681743016915,
        0.019772332326370354,
        0.03000178360835447,
        0.02204432532695911,
        0.016887585188114042,
        0.01982338226737012,
        0.0519897131919277,
        0.025628274641346253,
        0.021869284237636205,
        0.04262827298108717,
        0.028846598862672275,
        0.040259496082116805,
        0.03564170528096213
    ]
}