{
    "total": [
        -0.27694139682619967,
        -0.24037602168377264,
        -0.25034110041700364,
        -0.2034992555804636,
        -0.226648879478139,
        -0.1121436367492072,
        -0.3329391123815154,
        -0.16660176533759827,
        -0.22118389902062568,
        -0.2415556161254802,
        -0.1647360677855992,
        0.007940387191090895,
        -0.25101088751573636,
        -0.062349038222747746,
        -0.1895173327788668,
        -0.05613799821614026,
        -0.062269120214923666,
        -0.03872130273998305,
        -0.09127088723107649,
        -0.1777750223202895,
        0.003038344909830337,
        -0.11600803303669587,
        -0.06527405581954883,
        0.03775274282169776,
        -0.01196030608497661,
        -0.17115976521233991,
        -0.021583520178798027,
        -0.034325253283481384,
        -0.11288446267611511,
        0.10463553423813385,
        -0.05374385513492287,
        0.07821952730734258,
        0.10981195152675552,
        0.11773393704876574,
        0.06971050225774579,
        0.09943633052933325,
        -0.009998471977374333,
        0.09252614458478536,
        0.17714289803139605,
        0.25368775847369934,
        -0.038761191312463736,
        0.06604030186814841,
        0.10688779609901075,
        0.06473359012946925,
        0.17489469316176492,
        0.13913945698160105,
        0.21675473257686778,
        0.17884356318917757,
        0.04525701724862739,
        0.06637946840913875,
        0.17482857163996884,
        0.2808945275825642,
        0.023889293113339316,
        0.1716682976290074,
        0.18221367352325063,
        0.2466838953134281,
        0.39051568942870357,
        0.4004546390771426,
        0.25471414950764165,
        0.20824490135111473
    ],
    "computation": [
        -0.21732317737072057,
        -0.2263684182561136,
        -0.2338495660200642,
        -0.15300331985856078,
        -0.20221121688379723,
        -0.07774145426434213,
        -0.184732203395889,
        -0.13741346406941932,
        -0.18560755005941093,
        -0.21265328907933023,
        -0.13233938621502309,
        0.031430707747988215,
        -0.2248111879318891,
        0.0021824031366594805,
        -0.14131239430987907,
        -0.040525458227258754,
        -0.017115496207868026,
        -0.013105157485938133,
        -0.06577708482135289,
        -0.12951173568657146,
        0.03490699233119316,
        -0.03402939871007158,
        -0.04757472153423335,
        0.05924150807747512,
        0.01668957235675343,
        -0.1467087145513052,
        0.026052944944493957,
        -0.01111355329609112,
        -0.03192040914892555,
        0.12670783287741663,
        -0.030810347802246774,
        0.10024824209027158,
        0.13644149887103713,
        0.1399895669124935,
        0.10794156297826303,
        0.12807030541866538,
        0.03197004705115232,
        0.13374309129956877,
        0.2048307091998577,
        0.2775466096598595,
        0.007768206170422121,
        0.09435735804071108,
        0.1256954145695274,
        0.1348887980196927,
        0.19228033937537048,
        0.22265166194767896,
        0.2711531258679457,
        0.20857505240988417,
        0.11540939824564755,
        0.1363290399510409,
        0.20032449677657774,
        0.3180864554413825,
        0.06835397528629576,
        0.20191869501640122,
        0.2165274530286183,
        0.27017522354453627,
        0.42860731731921353,
        0.42910676432072253,
        0.28129346809833533,
        0.2536231486422202
    ],
    "cost": [
        0.05961821945547914,
        0.014007603427659065,
        0.016491534396939428,
        0.05049593572190286,
        0.024437662594341818,
        0.034402182484865054,
        0.1482069089856265,
        0.029188301268178958,
        0.03557634896121475,
        0.028902327046149978,
        0.032396681570576194,
        0.02349032055689729,
        0.026199699583847314,
        0.06453144135940722,
        0.048204938468987726,
        0.015612539988881468,
        0.04515362400705568,
        0.025616145254044938,
        0.025493802409723588,
        0.048263286633718074,
        0.03186864742136281,
        0.08197863432662428,
        0.017699334285315484,
        0.02148876525577737,
        0.028649878441730052,
        0.024451050661034687,
        0.04763646512329196,
        0.0232116999873903,
        0.08096405352718956,
        0.022072298639282756,
        0.022933507332676066,
        0.022028714782929004,
        0.0266295473442816,
        0.02225562986372777,
        0.038231060720517226,
        0.028633974889332135,
        0.041968519028526635,
        0.041216946714783424,
        0.02768781116846168,
        0.023858851186160206,
        0.046529397482885856,
        0.028317056172562693,
        0.018807618470516686,
        0.07015520789022353,
        0.017385646213605603,
        0.08351220496607795,
        0.05439839329107795,
        0.029731489220706574,
        0.07015238099702018,
        0.0699495715419021,
        0.025495925136608904,
        0.03719192785881826,
        0.04446468217295648,
        0.03025039738739389,
        0.034313779505367695,
        0.02349132823110816,
        0.03809162789051003,
        0.028652125243579858,
        0.026579318590693606,
        0.04537824729110546
    ]
}