{
    "total": [
        -0.39624493300690766,
        -0.3070227663207355,
        -0.1480839519112814,
        -0.30711689705121537,
        0.03606779068056899,
        0.0700971510190314,
        0.011860910509821224,
        -0.041315578630999196,
        0.0379729630300009,
        0.164957008361253,
        0.24496197965734226,
        0.17683031595665266,
        0.2192111158099171,
        0.2625219407807333,
        0.15060032760168,
        0.274418969481513,
        0.3317349253019705,
        0.3345747001493336,
        0.22693133597641674,
        0.1802204267371637,
        0.26631396382116773,
        0.36326264215061277,
        0.23190708813339658,
        0.3650336385735118,
        0.3170182733357967,
        0.3913086745543548,
        0.3962590396657631,
        0.4236119290138668,
        0.42258002280972373,
        0.37034748050268007,
        0.47317628702118847,
        0.4227100045326552,
        0.22661036019605216,
        0.43357065590678523,
        0.5682930772618376,
        0.32545591395388945,
        0.48825885610256226,
        0.5222828193773988,
        0.4604351101767804,
        0.5196734761423512,
        0.4258551505489402,
        0.4042990098146846,
        0.5480998393280831,
        0.35942619855348323,
        0.3316406994104704,
        0.37669303482793703,
        0.45603345052311733,
        0.34136206780372713,
        0.471143566242616,
        0.5190251236337404,
        0.2696343963727689,
        0.4462794844010067,
        0.4517421334766857,
        0.47927801701197226,
        0.5003401537320995,
        0.3314184119261807,
        0.5076711513241122,
        0.534264545590225,
        0.47651622074739597,
        0.5015848722423089
    ],
    "computation": [
        -0.311617300563979,
        -0.1750140069937532,
        -0.13304920660934932,
        -0.21697123072936106,
        0.048740474808982935,
        0.08556850157641982,
        0.04442768966975702,
        0.02988593822023671,
        0.07692234889319335,
        0.18520415301326154,
        0.26694095176773436,
        0.22476012421561986,
        0.2495416171920919,
        0.28390598353532387,
        0.24679542659949405,
        0.2960399878453379,
        0.35866862219747064,
        0.3682324567681313,
        0.25423852768300736,
        0.207977593121958,
        0.29950422467025184,
        0.40356773074530683,
        0.26790495884187066,
        0.38181749048470315,
        0.35051623762127726,
        0.4226006065065315,
        0.41533872787542075,
        0.4440645111229961,
        0.4555770737486453,
        0.42359163813837436,
        0.5098329998817819,
        0.46784610319216513,
        0.2538135245211514,
        0.45396659746125045,
        0.6513553824837317,
        0.3656593594032637,
        0.5098506525450255,
        0.5444827518660582,
        0.5177201010638697,
        0.5508558211064833,
        0.4936771383720678,
        0.43237661231712066,
        0.5712204443374441,
        0.39447499645603185,
        0.41175805998676596,
        0.42170341008812945,
        0.48049954571868947,
        0.3758428960522809,
        0.5033419632791446,
        0.5502162803242183,
        0.3325577848315884,
        0.48778282000905354,
        0.4706377915162455,
        0.5065579198239203,
        0.527772062264121,
        0.3609659924289693,
        0.5915966752902698,
        0.5587044335131052,
        0.5094167677042637,
        0.5567934154434829
    ],
    "cost": [
        0.08462763244292867,
        0.1320087593269824,
        0.01503474530193212,
        0.09014566632185426,
        0.012672684128413969,
        0.015471350557388405,
        0.03256677915993578,
        0.07120151685123596,
        0.03894938586319248,
        0.02024714465200856,
        0.021978972110392066,
        0.04792980825896721,
        0.03033050138217474,
        0.021384042754590424,
        0.0961950989978141,
        0.021621018363824983,
        0.02693369689550022,
        0.03365775661879784,
        0.027307191706590683,
        0.02775716638479429,
        0.03319026084908408,
        0.04030508859469388,
        0.03599787070847403,
        0.016783851911191326,
        0.033497964285480505,
        0.031291931952176645,
        0.019079688209657643,
        0.020452582109129275,
        0.03299705093892156,
        0.05324415763569427,
        0.03665671286059354,
        0.04513609865950994,
        0.027203164325099376,
        0.02039594155446527,
        0.08306230522189405,
        0.040203445449374306,
        0.021591796442463364,
        0.022199932488659348,
        0.057284990887089174,
        0.03118234496413238,
        0.06782198782312757,
        0.02807760250243608,
        0.023120605009360945,
        0.03504879790254868,
        0.08011736057629555,
        0.04501037526019245,
        0.024466095195572073,
        0.03448082824855367,
        0.03219839703652872,
        0.031191156690478068,
        0.06292338845881945,
        0.04150333560804692,
        0.01889565803955982,
        0.02727990281194803,
        0.02743190853202156,
        0.029547580502788606,
        0.08392552396615766,
        0.024439887922880186,
        0.032900546956867636,
        0.05520854320117417
    ]
}