{
    "total": [
        -0.16401935647868576,
        0.06410579876996839,
        0.08202375253904703,
        0.2384688271003763,
        0.02542276106648892,
        0.2711029421028743,
        0.22384313044781132,
        0.30041656777385606,
        0.2838051600959284,
        0.4128709689180308,
        0.34248504613331143,
        0.2865391264447775,
        0.46852460532359325,
        0.3279052000163813,
        0.4418531429672353,
        0.25552249763030876,
        0.3645191799030062,
        0.48294578837618707,
        0.4694696216816035,
        0.15621336621692822,
        0.3262641598157769,
        0.3804776981303587,
        0.25910868080297,
        0.3426497936224716,
        0.5037875040864765,
        0.4213984340598554,
        0.40140541287612985,
        0.4574365375084608,
        0.25369255590408357,
        0.5071526807876923,
        0.34883467892583886,
        0.47601728534458154,
        0.4449187419469971,
        0.2719563996628575,
        0.5197973980462345,
        0.44900138946950463,
        0.4605603342280733,
        0.5220934257946539,
        0.30698452679252836,
        0.5261056236802897,
        0.27552073998083104,
        0.5575618481322477,
        0.40416911133771827,
        0.45672470131459797,
        0.477604888246317,
        0.5476240798383406,
        0.46295746822661304,
        0.16568091811935742,
        0.4254443651484549,
        0.36596910163501484,
        0.4389119984487865,
        0.4735488028565302,
        0.38979962676965363,
        0.5527006293925115,
        -0.7369756604916744,
        0.5213453042886026,
        0.6388315720738609,
        0.3585499316173253,
        0.5025329812858293,
        0.19628788598675345
    ],
    "computation": [
        -0.14537249306217076,
        0.09012786328499116,
        0.10716809218872433,
        0.2709950640135348,
        0.05337447142992412,
        0.30860205223442444,
        0.24564699106658772,
        0.33093692328620705,
        0.33700886902543087,
        0.42971345866989175,
        0.36206502592917134,
        0.31451316210408675,
        0.4841652359393853,
        0.3524518521629595,
        0.46202902240994137,
        0.32883921831574087,
        0.3904444176445556,
        0.4990553646269765,
        0.5115064894444574,
        0.17449494207004718,
        0.35631847657441995,
        0.4818806435661818,
        0.2794915536362842,
        0.36044737653269543,
        0.5236562638726932,
        0.43852015340776934,
        0.42872739632719686,
        0.4803471657859285,
        0.27312810722480085,
        0.5907542643400245,
        0.3644051644616971,
        0.5091872911436016,
        0.4667589859505708,
        0.2888363118908899,
        0.5435463412473908,
        0.5795937889992782,
        0.5459063964433442,
        0.5424420093676714,
        0.3293775410396067,
        0.5402919958465716,
        0.32603233117690644,
        0.5734327723968855,
        0.42752484310634653,
        0.4899421491209913,
        0.5042918736279417,
        0.5690726897137777,
        0.5080444713774864,
        0.18769528625404194,
        0.44324196685355455,
        0.40601001377384865,
        0.4614807502586107,
        0.4847647212592877,
        0.4303343166857321,
        0.5772797190883922,
        0.41104123744624754,
        0.55018626061314,
        0.6599371479698526,
        0.38581646186000584,
        0.5182977907981254,
        0.24074563149750333
    ],
    "cost": [
        0.01864686341651504,
        0.026022064515022786,
        0.025144339649677317,
        0.03252623691315852,
        0.027951710363435252,
        0.03749911013155013,
        0.021803860618776382,
        0.030520355512351043,
        0.05320370892950255,
        0.016842489751860902,
        0.01957997979586003,
        0.027974035659309282,
        0.015640630615791972,
        0.02454665214657816,
        0.020175879442705952,
        0.07331672068543214,
        0.025925237741549402,
        0.016109576250789542,
        0.04203686776285404,
        0.018281575853118882,
        0.030054316758643097,
        0.101402945435823,
        0.020382872833314258,
        0.017797582910223732,
        0.019868759786216647,
        0.01712171934791392,
        0.027321983451067056,
        0.022910628277467936,
        0.01943555132071729,
        0.08360158355233213,
        0.015570485535858145,
        0.033170005799020116,
        0.021840244003573567,
        0.016879912228032444,
        0.02374894320115637,
        0.13059239952977358,
        0.0853460622152709,
        0.020348583573017495,
        0.02239301424707841,
        0.014186372166281958,
        0.050511591196075435,
        0.01587092426463769,
        0.023355731768628336,
        0.033217447806393366,
        0.026686985381624638,
        0.02144860987543709,
        0.045087003150873314,
        0.022014368134684544,
        0.01779760170509953,
        0.04004091213883383,
        0.022568751809824115,
        0.011215918402757437,
        0.04053468991607839,
        0.024579089695880685,
        1.1480168979379217,
        0.02884095632453747,
        0.021105575895991623,
        0.027266530242680546,
        0.015764809512296057,
        0.044457745510749845
    ]
}