{
    "total": [
        -0.4559357717565307,
        -0.27389818109940134,
        0.005187390983893617,
        -0.31740627806753174,
        -0.645856357029394,
        -0.9700841073556503,
        -0.25774176246561364,
        -0.09079702416496271,
        -0.9684984602421187,
        -0.06209799908878503,
        -0.12354156421702871,
        -0.2579566833738118,
        -0.14904027197208694,
        -0.4012975410872558,
        0.17901285129873074,
        0.023531006571643653,
        -0.30833226021725635,
        -0.10129954667204652,
        -0.3991885231018308,
        -0.1921653724030425,
        -0.24379952928471038,
        -0.9903945216293035,
        -0.16492318629266606,
        0.22882554141504277,
        -0.1936201964157555,
        0.00591515069325545,
        -0.1105330921531128,
        0.014711641065413816,
        0.14141265984110046,
        -0.7697180062279155,
        0.06852039459387711,
        -0.44171086808202265,
        0.05692955373501583,
        0.06718873946336114,
        -0.16615906337226546,
        -2.534351888474615,
        -1.3567663878461955,
        -0.10831378373134908,
        -0.10090096912980799,
        0.0013814430719610777,
        -0.4514546406919416,
        0.24385608233569162,
        -0.07464292575021264,
        0.07113268508643758,
        0.02842123750174961,
        0.03418768299834017,
        -0.644202573676125,
        -0.18447230486647997,
        0.11421713219727983,
        0.16976476484404568,
        -0.03066992113927846,
        0.2829985814065459,
        -0.6521856193627775,
        -0.219991010872412,
        -11.01229958497343,
        0.0004294994466211788,
        0.03717139010845068,
        -0.14231855086194428,
        0.24239904437158635,
        -0.7437756908503914
    ],
    "computation": [
        -0.15580939892994689,
        0.09801180477375415,
        0.28766654888757703,
        0.1624306778793594,
        0.13711735680050408,
        0.23968895432887488,
        0.3479028330019772,
        0.35873782653603337,
        0.2932082889397853,
        0.33154592361272484,
        0.2818572674977849,
        0.06537197654976999,
        0.3866242356544012,
        0.39147762422540866,
        0.489850169114092,
        0.30250267115823626,
        0.3121548365230053,
        0.3785896346057148,
        0.44535481841765573,
        0.14537212879924413,
        0.3087212036363572,
        0.28515469250264613,
        0.17396436523341724,
        0.5320624146287615,
        0.4007567099475958,
        0.34003120273486637,
        0.27877938590331597,
        0.5268930255159537,
        0.4252670008516204,
        0.5710986569400095,
        0.3350637320269114,
        0.34977063356001586,
        0.3459069223135193,
        0.32472834608131185,
        0.3101372326865697,
        0.3496380406986962,
        0.38934550320698236,
        0.4293924435647944,
        0.27216163203388055,
        0.3032542812737343,
        0.29850944678868113,
        0.4809489470584851,
        0.4835561151871981,
        0.42426849320231835,
        0.533048072254313,
        0.46001873234265495,
        0.3458819091785613,
        0.23447542788971446,
        0.4848131021070202,
        0.48052200816041024,
        0.35371129795195333,
        0.5093159217083437,
        0.30090415097071876,
        0.4783908506156885,
        0.27589669067527123,
        0.4354614009008463,
        0.46020634829470486,
        0.37241590589458284,
        0.5304327396589847,
        0.2353477115548638
    ],
    "cost": [
        0.015006318641329197,
        0.018595499293657777,
        0.014123957895184164,
        0.023991847797344555,
        0.039148685691494906,
        0.060488653084226254,
        0.030282229773379542,
        0.02247674253504981,
        0.0630853374590952,
        0.019682196135075495,
        0.020269941585740678,
        0.016166432996179092,
        0.02678322538132441,
        0.039638758265633234,
        0.015541865890768055,
        0.013948583229329634,
        0.03102435483701308,
        0.023994459063888064,
        0.042227167075974334,
        0.016876875060114333,
        0.027626036646053388,
        0.06377746070659748,
        0.01694437757630416,
        0.015161843660685922,
        0.029718845318167576,
        0.016705802602080544,
        0.019465623902821434,
        0.02560906922252699,
        0.014192717050525994,
        0.06704083315839625,
        0.01332716687165171,
        0.03957407508210192,
        0.014448868428925177,
        0.012876980330897538,
        0.023814814802941755,
        0.14419949645866556,
        0.08730559455265892,
        0.026885311364807173,
        0.018653130058184423,
        0.01509364191008867,
        0.03749820437403113,
        0.011854643236139674,
        0.027909952046870534,
        0.01765679040579403,
        0.02523134173762817,
        0.021291552467215726,
        0.04950422414273434,
        0.020947386637809727,
        0.018529798495487016,
        0.015537862165818228,
        0.019219060954561586,
        0.011315867015089891,
        0.0476544885166748,
        0.03491909307440502,
        0.564409813782435,
        0.02175159507271126,
        0.02115174790931271,
        0.02573672283782636,
        0.014401684764369918,
        0.04895617012026275
    ]
}