{
    "total": [
        -8.244426725358412,
        6.151991965998652,
        18.063420612231415,
        18.027273193233054,
        12.078914241081325,
        20.912576262494134,
        17.88215752354251,
        20.76338203702209,
        19.722564976078736,
        23.366384360910693,
        10.903605311537566,
        4.608645615332586,
        22.68845529871951,
        17.67302099543688,
        20.433477032922372,
        16.696904793622146,
        17.83208062933185,
        22.99809150856586,
        22.697692817104958,
        14.25162497910494,
        10.196047811502153,
        13.588675115587083,
        7.120141136627569,
        24.654731391835174,
        24.780710167670527,
        21.083130502963545,
        20.228915998670317,
        23.01551409975968,
        13.24452323212742,
        23.286765368015132,
        13.811302992837202,
        22.298831899979696,
        21.405509218835945,
        20.57091273219544,
        22.873278778847165,
        19.67535131559387,
        18.58190074692242,
        20.202945254030844,
        17.56875943360141,
        20.766934601179326,
        17.436802256634138,
        29.916802490399714,
        21.988625045359406,
        19.280264818539745,
        30.142307676761526,
        20.529662180927268,
        18.770779655539663,
        9.282261877714602,
        18.159869962821404,
        25.61307112128179,
        14.975388945662662,
        23.190669143829904,
        15.779040016823364,
        27.90488574417659,
        22.75715482413878,
        29.918208349315545,
        22.79741378518679,
        19.70692540805637,
        28.044823168753055,
        12.82335167374716
    ],
    "computation": [
        -7.466993702828513,
        6.870743259151294,
        18.90922708607444,
        18.651840131114334,
        13.507822932701552,
        21.92791116335517,
        20.233468839988753,
        22.03936897586745,
        20.853241353915188,
        24.217740441617984,
        12.335411462402067,
        5.952106280478704,
        23.716869136999005,
        18.73177960781221,
        21.337193132773603,
        18.99380328352294,
        19.67188256292714,
        25.079005415760395,
        23.475356275260136,
        15.10869453708257,
        11.815363472578293,
        19.537701354192926,
        8.11692827997421,
        25.550161676050955,
        26.20535871973795,
        21.751747421180355,
        22.004538294045464,
        24.227240251389212,
        14.22348429249449,
        29.267843609831818,
        14.69776828907889,
        24.230163039081738,
        21.801834946604444,
        21.46203103407985,
        24.357933380690998,
        25.143942730801797,
        23.286901583111607,
        21.67077758254622,
        18.649945210723928,
        21.591491423818628,
        20.05852139926219,
        30.80457058550469,
        23.556714531975565,
        20.896595752344812,
        30.690906069819704,
        21.647671149952615,
        20.771912215714615,
        11.047149220995124,
        19.253087189149937,
        28.566154897133185,
        16.157257072236618,
        23.846224526385196,
        18.35722038470606,
        30.409660804190867,
        23.713749906137746,
        31.140527465559227,
        23.924182113376325,
        21.01607407927981,
        28.96004006458177,
        16.121105599519396
    ],
    "cost": [
        0.7774330225298989,
        0.718751293152641,
        0.8458064738430245,
        0.6245669378812793,
        1.4289086916202285,
        1.0153349008610297,
        2.351311316446242,
        1.2759869388453629,
        1.1306763778364508,
        0.8513560807072936,
        1.431806150864495,
        1.3434606651461172,
        1.0284138382794994,
        1.0587586123753383,
        0.9037160998512312,
        2.2968984899007943,
        1.8398019335952913,
        2.0809139071945326,
        0.777663458155178,
        0.8570695579776324,
        1.6193156610761428,
        5.949026238605848,
        0.9967871433466435,
        0.8954302842157797,
        1.4246485520674292,
        0.6686169182168137,
        1.7756222953751475,
        1.2117261516295277,
        0.9789610603670698,
        5.981078241816693,
        0.8864652962416903,
        1.931331139102042,
        0.3963257277684971,
        0.8911183018844065,
        1.484654601843835,
        5.468591415207923,
        4.705000836189189,
        1.467832328515372,
        1.0811857771225177,
        0.8245568226393039,
        2.6217191426280566,
        0.8877680951049735,
        1.5680894866161639,
        1.6163309338050653,
        0.548598393058169,
        1.1180089690253396,
        2.0011325601749546,
        1.7648873432805232,
        1.0932172263285265,
        2.9530837758513937,
        1.1818681265739535,
        0.6555553825552931,
        2.578180367882694,
        2.504775060014272,
        0.9565950819989725,
        1.2223191162436808,
        1.1267683281895344,
        1.3091486712234388,
        0.9152168958287156,
        3.2977539257722377
    ]
}