{
    "total": [
        -1.6267289853735893,
        2.9367394073892465,
        3.4729186882269154,
        0.5106059555643434,
        1.807275645758566,
        2.3674130579173287,
        2.255156045675967,
        2.442976299977113,
        2.115121477547675,
        4.255286724266998,
        2.7009134567227036,
        2.553261676300983,
        3.994205839291653,
        5.84721158503995,
        4.105428911115945,
        2.688297868162254,
        3.908813670100512,
        3.1725454175003582,
        3.2530576363158135,
        3.412172556860445,
        3.189153340254541,
        3.873463038011631,
        2.828567364982938,
        5.294397749534723,
        3.491286801241749,
        3.018858973388989,
        4.366552786750654,
        5.707181258508665,
        4.504623797775323,
        4.185893398142001,
        5.811780230575845,
        3.4119593039221727,
        4.661274366862161,
        2.6331138854775986,
        4.371951842211213,
        3.3825453173811644,
        3.02214257692218,
        3.4957345944906812,
        3.7446464728355635,
        2.703940566200196,
        4.071918957528001,
        3.5965260785676585,
        4.839130597786932,
        4.993325540252655,
        5.40786619082939,
        3.876541370051977,
        3.7628564182984903,
        3.8051683479384963,
        4.540415280701925,
        5.000257367932039,
        5.346535359449001,
        4.798384672232979,
        3.7122419954018193,
        4.560678953967997,
        4.493640240307831,
        3.651713772875169,
        3.003514313164112,
        3.746595475847376,
        4.879668364638294,
        4.7060533003184
    ],
    "computation": [
        -1.4879656367356866,
        3.0820482830632163,
        3.753724696872067,
        0.751030872840597,
        2.0129679155165086,
        2.8229047580299627,
        2.458216662763331,
        2.7464739733517796,
        2.8949231474771127,
        4.407621655675792,
        3.015017734792516,
        2.8192006448894324,
        4.191172851909649,
        6.086702751347398,
        4.449304705904,
        3.368108469939621,
        4.2201722872064895,
        3.3830724307172853,
        3.5014611963559887,
        3.6967192258059773,
        3.526703816698607,
        4.504504315390983,
        3.001801444817924,
        5.458698196398218,
        3.8785519322477184,
        3.3520301386671867,
        4.780087542996261,
        5.915668053560374,
        4.6709225252036894,
        5.096547330936184,
        6.082171015539837,
        3.824069327051267,
        4.880254389718479,
        2.876813495595644,
        5.055485078924574,
        3.5536253839873773,
        3.7702526568704515,
        3.7335671072524663,
        4.602183893463026,
        3.068988699571258,
        4.303888604065053,
        3.9989769777388195,
        5.201224230034431,
        5.169925217058256,
        5.608469740631933,
        4.032693079779049,
        4.101989199519663,
        3.98087000005689,
        4.748904018803794,
        5.1797980329076285,
        5.5769017466146025,
        5.08975728700277,
        4.323016213698358,
        4.748107470590914,
        5.019415457470045,
        4.430274641852686,
        3.356226272154995,
        3.951572158480457,
        5.083469829598798,
        5.3892408783482475
    ],
    "cost": [
        0.13876334863790304,
        0.1453088756739688,
        0.28080600864515187,
        0.24042491727625329,
        0.2056922697579425,
        0.4554917001126344,
        0.20306061708736373,
        0.303497673374667,
        0.7798016699294378,
        0.15233493140879334,
        0.3141042780698122,
        0.26593896858844873,
        0.19696701261799626,
        0.23949116630744727,
        0.343875794788054,
        0.6798106017773673,
        0.3113586171059771,
        0.21052701321692635,
        0.24840356004017497,
        0.2845466689455332,
        0.33755047644406494,
        0.6310412773793519,
        0.17323407983498632,
        0.1643004468634942,
        0.38726513100596954,
        0.3331711652781981,
        0.41353475624560787,
        0.20848679505170917,
        0.16629872742836777,
        0.9106539327941828,
        0.27039078496399116,
        0.41211002312909484,
        0.21898002285631693,
        0.2436996101180445,
        0.6835332367133604,
        0.17108006660621244,
        0.7481100799482716,
        0.23783251276178397,
        0.8575374206274639,
        0.3650481333710625,
        0.23196964653705043,
        0.4024508991711605,
        0.3620936322475001,
        0.17659967680560146,
        0.20060354980254158,
        0.15615170972707224,
        0.3391327812211723,
        0.17570165211839325,
        0.20848873810186822,
        0.17954066497558813,
        0.23036638716560093,
        0.29137261476979004,
        0.6107742182965392,
        0.1874285166229161,
        0.5257752171622158,
        0.7785608689775171,
        0.35271195899088414,
        0.20497668263308108,
        0.20380146496050355,
        0.6831875780298472
    ]
}