{
    "total": [
        -0.7541775317114965,
        -0.5245852877162245,
        -0.844608328862925,
        -0.22564162997916282,
        -0.5258716061164588,
        0.1247848120965083,
        -0.35580070093130356,
        -0.4052956119449462,
        -1.1736295687247449,
        -0.29291937391282125,
        -1.6728771474601163,
        -0.24856372856336445,
        -0.11365014364964703,
        -0.1757519967141417,
        -0.4716194841733623,
        -0.9981596207468038,
        -0.45916142474250626,
        -1.2873127997066416,
        -0.3292592444451151,
        -0.06753810286959719,
        -0.5003627067491376,
        -2.3990260297374215,
        -0.3065894290561252,
        -0.09453524430866375,
        -0.5268473136852687,
        -0.04151611005142043,
        -0.4979778499483051,
        -0.23052549392664598,
        -0.4183944492457634,
        -0.8464414028066665,
        0.04496154494422756,
        -0.5439147569158453,
        0.010931234496746345,
        -0.23961894468375206,
        -0.2089540340165153,
        -0.5666741903320106,
        -2.075017093620837,
        -0.4760694806407547,
        -0.27290171333263663,
        -0.018510566922410453,
        -0.9520757713755115,
        -0.05574823236607633,
        -0.5776574148744145,
        -0.44838445519537684,
        0.17542987590355935,
        -0.23376276316387337,
        -1.0639914922825777,
        -0.8195766958699169,
        -0.12734648359516973,
        -1.0227469008623946,
        -0.142743104948133,
        0.04272260611505446,
        -0.4555614861549728,
        -0.6551384224868363,
        -17.230200827637475,
        -0.3797025664862252,
        -0.061229728736123354,
        -0.5070515115748028,
        0.0011580806638894186,
        -1.1985322919464365
    ],
    "computation": [
        -0.12619701826875945,
        0.14180810419601314,
        0.08610395230153237,
        0.1850296317629873,
        0.062378292738135624,
        0.4845174771016455,
        0.31735941098924,
        0.20702166868186786,
        0.3692357520427897,
        0.15851823724637287,
        0.18281277554127642,
        0.3812165091229738,
        0.3412982153991268,
        0.2824536690952982,
        0.3953077901836508,
        0.24265481860178023,
        0.4557858185741924,
        0.3839702021073652,
        0.21847746207314991,
        0.3527258838156372,
        0.24005659506485744,
        0.3758162209929642,
        0.18309711823622238,
        0.36170381621348174,
        0.3110243105460964,
        0.42107006362000465,
        0.23040201313139028,
        0.4936353114567054,
        0.32429621905506156,
        0.49682584984202594,
        0.4550950091099046,
        0.31258337620724586,
        0.37843438718189526,
        0.3482356635263108,
        0.4908878775665796,
        0.4571571233244967,
        0.43153582715608685,
        0.3855545861247809,
        0.35166161571047255,
        0.4613672789799558,
        0.15555687696829054,
        0.4936597986343686,
        0.5239936573537746,
        0.4085606168367599,
        0.5796576319915523,
        0.3933190706952017,
        0.4059464879426512,
        0.07225420270270658,
        0.3849535493475487,
        0.48076385346829625,
        0.3766154671884322,
        0.35159076917772636,
        0.290311812137496,
        0.4770645611109615,
        0.32880798399409167,
        0.40273080516825627,
        0.4536054924115276,
        0.4217855500692903,
        0.4168122136222855,
        0.35339585783330624
    ],
    "cost": [
        0.020932683781424568,
        0.022213113063741262,
        0.031023742705481923,
        0.013689042058071671,
        0.019608329961819815,
        0.011991088833504577,
        0.022438670397351455,
        0.020410576020893807,
        0.05142884402558449,
        0.01504792037197314,
        0.0618563307667131,
        0.020992674589544603,
        0.015164945301625798,
        0.01527352219364799,
        0.028897575811900434,
        0.041360481311619464,
        0.03049824144388997,
        0.055709433393800224,
        0.018257890217275502,
        0.014008799556174484,
        0.02468064339379984,
        0.09249474169101288,
        0.01632288490974492,
        0.015207968684071519,
        0.027929054141045507,
        0.015419539122380838,
        0.02427932876932317,
        0.02413869351277838,
        0.0247563556100275,
        0.044775575088289755,
        0.013671115472189233,
        0.028549937770769706,
        0.012250105089504965,
        0.0195951536070021,
        0.0233280637194365,
        0.03412771045521691,
        0.08355176402589745,
        0.02872080222551786,
        0.020818777634770306,
        0.015995928196745543,
        0.036921088278126735,
        0.01831360103334817,
        0.0367217024076063,
        0.028564835734404558,
        0.013474258536266433,
        0.020902727795302504,
        0.04899793267417428,
        0.029727696619087456,
        0.017076667764757286,
        0.05011702514435634,
        0.017311952404552175,
        0.010295605435422395,
        0.024862443276415618,
        0.03774009945325992,
        0.5853002937210523,
        0.026081112388482718,
        0.017161174038255036,
        0.030961235388136433,
        0.01385513776527987,
        0.051730938325991425
    ]
}