{
    "total": [
        -0.24873318360320354,
        -0.3693151860143554,
        -0.31432562215408044,
        -0.31124753344502554,
        -0.24940079383606215,
        -0.3784274030076185,
        -0.812224309092325,
        -0.2717725991873569,
        -0.24640707552302685,
        -0.37976419888924595,
        -0.19545743870723223,
        -0.09879415788158069,
        -0.2635062507000966,
        -0.39585315216943784,
        -0.27823194321361233,
        -0.2843284527887309,
        -0.27429764169687765,
        -0.3031550843928922,
        -0.253623414641455,
        -0.38735191526801904,
        -0.3315012634015991,
        -0.31695336047670997,
        -0.266299108030235,
        -0.29882571402942554,
        -0.16710128667158491,
        -0.31363568980935347,
        -0.444544770921835,
        -0.2702848250775202,
        -0.30089085646194186,
        -0.28659272551978093,
        -0.18511852218833372,
        -0.3038595235012268,
        -0.4074424818940722,
        -0.3065053164927147,
        -0.2619963934438705,
        -0.14834536576519375,
        -0.2624198224702524,
        -0.28475301827456734,
        -0.3259411214244849,
        -0.14765328065003017,
        -0.31786724907779107,
        -0.273693898586006,
        -0.297863018518291,
        -0.26383143293400546,
        -0.2649487956577262,
        -0.1890549627649734,
        -0.3196648778214358,
        -0.25967980615210257,
        -0.21525783906953438,
        -0.3101420791605459,
        -0.2483678723346771,
        -0.29969107658899535,
        -0.35450527001491194,
        -0.2671795205437243,
        -0.26232408742802527,
        -0.2392152998255433,
        -0.26621209356923464,
        -0.32906526760054283,
        -0.2641025262300667,
        -0.32372908613726786
    ],
    "computation": [
        -0.22831044700544237,
        -0.34311373525506295,
        -0.29485969822237873,
        -0.27026397141891445,
        -0.20084731052774685,
        -0.31795655755076463,
        -0.3984159900526031,
        -0.2459152014216031,
        -0.22345982780902035,
        -0.34613671706583915,
        -0.17642641982711726,
        -0.04570593780650984,
        -0.23676136137845843,
        -0.37836603476356867,
        -0.26109046089467924,
        -0.2660628087098092,
        -0.2452352052254021,
        -0.27843563890730644,
        -0.22420882842801496,
        -0.2744689441681132,
        -0.29949891558211894,
        -0.27432039378699113,
        -0.24353212434116975,
        -0.2796486330876713,
        -0.1479437987387994,
        -0.29182839362518154,
        -0.37334290815714033,
        -0.23945820581637847,
        -0.2703778106907955,
        -0.2388030743681889,
        -0.16373804066590056,
        -0.28259182472979616,
        -0.3721182526021215,
        -0.23954263077016275,
        -0.23238681651444953,
        -0.12030479626227457,
        -0.24191914827074684,
        -0.26644420339338143,
        -0.29999217068710193,
        -0.12583286835712426,
        -0.29297552833742724,
        -0.2466249909645105,
        -0.2782166647870059,
        -0.2317784378225331,
        -0.24630385768875068,
        -0.1549899757725568,
        -0.28222094360419636,
        -0.2154792193145522,
        -0.19783599477180344,
        -0.28276060908303463,
        -0.21391510739601402,
        -0.28243942782121106,
        -0.3051212475580465,
        -0.2472349734037283,
        -0.24191200262726933,
        -0.21686256888812494,
        -0.23899909181329698,
        -0.2791849095798203,
        -0.2494838773305092,
        -0.30064204063412764
    ],
    "cost": [
        0.020422736597761205,
        0.026201450759292512,
        0.01946592393170168,
        0.040983562026111045,
        0.04855348330831527,
        0.0604708454568539,
        0.41380831903972204,
        0.025857397765753846,
        0.022947247714006518,
        0.033627481823406746,
        0.019031018880114953,
        0.05308822007507089,
        0.026744889321638227,
        0.017487117405869175,
        0.01714148231893308,
        0.018265644078921783,
        0.029062436471475543,
        0.024719445485585616,
        0.029414586213440043,
        0.11288297109990575,
        0.03200234781948012,
        0.04263296668971888,
        0.022766983689065243,
        0.01917708094175413,
        0.01915748793278553,
        0.021807296184171914,
        0.07120186276469456,
        0.030826619261141736,
        0.03051304577114635,
        0.04778965115159198,
        0.021380481522433156,
        0.0212676987714307,
        0.03532422929195076,
        0.06696268572255187,
        0.029609576929420893,
        0.02804056950291913,
        0.020500674199505575,
        0.018308814881185933,
        0.025948950737383007,
        0.021820412292905905,
        0.024891720740363808,
        0.02706890762149545,
        0.019646353731285152,
        0.03205299511147234,
        0.018644937968975518,
        0.03406498699241658,
        0.03744393421723948,
        0.04420058683755036,
        0.017421844297730894,
        0.027381470077511228,
        0.03445276493866308,
        0.017251648767784292,
        0.04938402245686545,
        0.01994454713999598,
        0.020412084800755907,
        0.022352730937418342,
        0.027213001755937754,
        0.04988035802072255,
        0.01461864889955749,
        0.023087045503140245
    ]
}