{
    "total": [
        -13.300910703410588,
        13.07004928200458,
        37.18918121860701,
        27.74576908616183,
        0.23293247077929102,
        23.198169620159728,
        33.912592818750625,
        25.12474221392602,
        33.59044510340995,
        39.62923052664966,
        27.580865796779676,
        24.052451300964357,
        33.870760696499985,
        43.67294356904553,
        44.05049253566073,
        31.2654072650406,
        33.094290940898894,
        42.43000204997289,
        20.894933564692387,
        31.81997080749075,
        24.394192332783177,
        16.113441582141355,
        40.63685624924746,
        23.108001884538286,
        32.80233383033898,
        43.82524664867013,
        39.44210451985569,
        50.38402430070422,
        33.33864565092784,
        52.013988032908244,
        51.52772673069186,
        37.816397370591346,
        38.6168900568262,
        30.791295762377654,
        54.48467077609596,
        44.8775284190384,
        48.35169934441349,
        35.684625149852124,
        35.34421350828271,
        43.8315049530625,
        39.372724694979944,
        48.32798164205795,
        53.46782305236252,
        49.3937461543336,
        61.15967385199433,
        47.6673978725102,
        44.526972868859964,
        21.020130642357547,
        44.42574835973636,
        52.289341207700566,
        37.788311020578476,
        44.10710427107356,
        31.94285862082952,
        53.074646478867905,
        8.19733212881579,
        52.019590624658406,
        44.705482454259325,
        33.32827225367502,
        44.31209262517539,
        19.08219081516708
    ],
    "computation": [
        -11.631626041118565,
        14.864580553985707,
        38.93230933194094,
        31.091897438673662,
        3.930569916276184,
        25.08841269905378,
        35.706093135268766,
        28.435514017801204,
        39.53632732768931,
        41.57389400357999,
        33.53280377416468,
        28.64995088075675,
        46.085644889152334,
        44.89919342678659,
        47.0805427491121,
        33.19570228068885,
        34.56217853760607,
        49.135135993138285,
        23.334455117668146,
        33.49311408171343,
        28.512094159297483,
        21.899144387107675,
        47.18356837141722,
        25.68960586198143,
        42.40046100236154,
        45.305774633976135,
        42.41569169347959,
        53.391257081074556,
        35.29578139505687,
        58.45448274700912,
        53.06240203443609,
        40.759351862434016,
        40.52070760491595,
        32.15361284020212,
        56.590378742654174,
        51.23618616527817,
        52.12681135993279,
        38.91330282974799,
        37.941229843737176,
        45.13899683616771,
        42.89057195143182,
        51.69313710866129,
        56.92454900900143,
        53.0610312952223,
        63.97491871569771,
        49.9405636061588,
        50.493853841472216,
        24.24454883664893,
        47.113914960486866,
        54.25859540008612,
        41.33968878795854,
        45.334645584624965,
        35.42517517324815,
        58.98614851580794,
        47.34741877138553,
        55.33619817711637,
        47.43769094562556,
        36.33945390776692,
        46.07279569001642,
        25.203297470244262
    ],
    "cost": [
        1.6692846622920257,
        1.7945312719811288,
        1.7431281133339325,
        3.3461283525118377,
        3.697637445496892,
        1.8902430788940479,
        1.7935003165181544,
        3.3107718038751885,
        5.9458822242793525,
        1.9446634769303348,
        5.9519379773850005,
        4.597499579792389,
        12.214884192652347,
        1.2262498577410632,
        3.0300502134513665,
        1.9302950156482452,
        1.4678875967071785,
        6.7051339431653885,
        2.4395215529757595,
        1.6731432742226784,
        4.117901826514306,
        5.785702804966322,
        6.546712122169768,
        2.5816039774431423,
        9.59812717202256,
        1.4805279853060067,
        2.973587173623902,
        3.00723278037034,
        1.9571357441290413,
        6.440494714100893,
        1.534675303744236,
        2.9429544918426602,
        1.903817548089735,
        1.362317077824469,
        2.105707966558213,
        6.35865774623976,
        3.7751120155192988,
        3.2286776798958647,
        2.5970163354544673,
        1.307491883105206,
        3.5178472564518812,
        3.3651554666033276,
        3.456725956638916,
        3.667285140888711,
        2.8152448637033713,
        2.2731657336486046,
        5.966880972612255,
        3.224418194291379,
        2.688166600750494,
        1.969254192385545,
        3.551377767380066,
        1.2275413135514177,
        3.4823165524186273,
        5.911502036940017,
        39.15008664256976,
        3.316607552457969,
        2.732208491366249,
        3.0111816540919003,
        1.7607030648410258,
        6.12110665507719
    ]
}