{
    "total": [
        -0.9312533542373455,
        -0.5924621659751393,
        -0.9368080763341075,
        -3.317186373055179,
        -0.7398085042309721,
        -1.3120658251113573,
        -0.655150161213208,
        -0.5095332612944492,
        -1.4179140065236653,
        -1.7039302418442137,
        -0.18738493545310253,
        -0.7131336547300939,
        -0.9987659450154378,
        -0.6438033874863127,
        -0.18644997052142273,
        -1.4980414814578933,
        -0.1409100949211898,
        -1.225502367455985,
        -0.6630984356734502,
        -0.40248002624739565,
        -1.229613262165961,
        -2.774913553720963,
        -0.35181108325469646,
        -0.3348321099198683,
        -0.32587556959405756,
        -0.37950247036632795,
        -0.5390758467379795,
        -0.5501772386934375,
        -0.16093642429138155,
        -2.7200156597232605,
        -0.24450614634076429,
        -1.1339512455710659,
        -0.36829218046130696,
        -0.039760437875043284,
        -0.3551708505209534,
        -3.4070271213652896,
        -5.033189919510996,
        -0.2763976476762758,
        -0.5377764029080565,
        -0.1887609676931306,
        -1.1764260605003916,
        -0.09934986788059494,
        -0.21012076477677746,
        -0.9019585566762169,
        -0.5689221540883226,
        -0.47977483625493134,
        -1.439277211356872,
        -0.8062575904213956,
        -0.27240756140574807,
        -0.11063341235777346,
        -0.09679470342288579,
        0.08810310675782387,
        -1.1034908142253523,
        -1.518466878041363,
        -44.364583049775824,
        -0.7304802743454475,
        -0.2558423662575863,
        -0.519584801715624,
        -0.2796307069686804,
        -0.9677817605124425
    ],
    "computation": [
        -0.14935167273713473,
        0.0667693646631008,
        0.047894480326793706,
        0.013176464273594682,
        0.028787010117424967,
        0.36643981860205965,
        0.24708162729059757,
        0.31132695134447,
        0.3431043290286749,
        0.43785682234119083,
        0.2973280375321929,
        0.13397046629417267,
        0.26765885462444594,
        0.3672954037947274,
        0.3991643060747913,
        0.32441859218166547,
        0.3723371823133176,
        0.3771968637571754,
        0.5128011886584309,
        0.17053465613281532,
        0.2356042662816265,
        0.3108843127331779,
        0.16110079092731514,
        0.28241698614635025,
        0.33276172806868143,
        0.31484681593038794,
        0.28475065324333093,
        0.4093890133590987,
        0.36719040601648106,
        0.5273952381907372,
        0.3789315132825996,
        0.3729166124603568,
        0.4401058479883215,
        0.3831828635681932,
        0.6052988221471632,
        0.47349562478876867,
        0.32485680286394353,
        0.4194466608656075,
        0.19760864577331855,
        0.40824933534366226,
        0.28588668247048243,
        0.45458560755999233,
        0.4511686689251787,
        0.4513476646407436,
        0.554895353595825,
        0.4016442446681485,
        0.3534299430710518,
        0.15290410751650385,
        0.4471625823542783,
        0.4491173930199155,
        0.5276131144035765,
        0.37251892394951397,
        0.23183975910506854,
        0.49489367489750896,
        0.3580023367733548,
        0.38770928242050273,
        0.44472208168110566,
        0.4144584577210953,
        0.47708019347431574,
        0.31145019170628374
    ],
    "cost": [
        0.01954754203750526,
        0.016480788265956007,
        0.02461756391652254,
        0.08325907093321933,
        0.01921488785870993,
        0.04196264109283543,
        0.02255579471259514,
        0.020521505315972986,
        0.044025458388808496,
        0.05354467660463511,
        0.012117824324632388,
        0.021177603025606666,
        0.0316606199909971,
        0.025277469782026003,
        0.01464035691490535,
        0.04556150184098895,
        0.012831181930862681,
        0.040067480780329005,
        0.029397490608297022,
        0.01432536705950527,
        0.036630438211189685,
        0.07714494666135353,
        0.012822796854550289,
        0.015431227401655461,
        0.016465932441568475,
        0.017358732157417893,
        0.02059566249953276,
        0.0239891563013134,
        0.013203170757696564,
        0.08118527244784997,
        0.015585941490584102,
        0.03767169645078557,
        0.020209950711240713,
        0.010573582536080914,
        0.02401174181670291,
        0.09701306865385143,
        0.13395116805937352,
        0.017396107713547083,
        0.018384626217034374,
        0.014925257575919827,
        0.03655781857427186,
        0.013848386886014688,
        0.016532235842548905,
        0.03383265553292401,
        0.028095437692103688,
        0.022035477023076993,
        0.044817678860698096,
        0.023979042448447487,
        0.017989253594000654,
        0.013993770134442224,
        0.01561019544566156,
        0.007110395429792251,
        0.03338326433326051,
        0.05033401382347182,
        1.11806463466373,
        0.027954738919148753,
        0.0175141111984673,
        0.02335108148591798,
        0.018917772511074907,
        0.031980798805468155
    ]
}