{
    "total": [
        -0.3046234940127248,
        -27.825296146444526,
        0.04549720084629281,
        -0.30360906011652855,
        -0.0925910182730393,
        -0.054555951067707595,
        0.08214505774264165,
        0.17475297146721053,
        -0.1821029907610568,
        0.163241376090498,
        0.0326128086824972,
        0.013607081470247709,
        0.20961277961586408,
        0.3150111836043116,
        0.32305738287424873,
        -0.17355472811353914,
        -0.06519167661054923,
        0.1341157049384566,
        0.018995406204619102,
        0.05892447518744435,
        -0.04258856678661847,
        -0.22425299733781365,
        0.050421690387397,
        0.4310024127937452,
        0.04891485641425949,
        0.21101739163151795,
        -0.12158201801918392,
        0.3511797675380763,
        0.22727425890570094,
        -0.1384615110678764,
        0.24669077083849394,
        0.10836650848351799,
        0.23393422171330314,
        0.14483199224395638,
        0.2269783362620137,
        -0.8480354167967429,
        0.029291252568424075,
        0.17869521263267324,
        0.21267402530808527,
        0.36256563059201913,
        -0.021857227294835257,
        0.2563298220549336,
        0.334314613077627,
        0.17890161889883938,
        0.16837988750211516,
        0.2096914704298385,
        -0.12059852933939377,
        -0.03474483535454979,
        0.21350561604392748,
        -0.04790373795578508,
        0.18561460960424409,
        0.28603023091817237,
        -0.23128224616733278,
        0.01919916816071182,
        0.2830801371858558,
        0.23845559770290534,
        0.24458576286003697,
        0.05186445533124802,
        0.5124488264512976,
        -0.4179626689955561
    ],
    "computation": [
        -0.17898486900043642,
        0.1593451548619636,
        0.24408591098701637,
        0.25438997707746996,
        0.27321934441417584,
        0.16356260296697248,
        0.24480632513158862,
        0.32502876910095485,
        0.4086011708311534,
        0.31644994028364837,
        0.184830137802095,
        0.16036694832997456,
        0.48332307165004335,
        0.42166660511523907,
        0.5112102264201679,
        0.26977404603231103,
        0.29311871202746786,
        0.3815192523648439,
        0.45190956265291443,
        0.23686047951393183,
        0.2356879395142411,
        0.34903413178624393,
        0.20356618899396733,
        0.606483358501208,
        0.3515386201678043,
        0.40198812797972455,
        0.18913337926179816,
        0.5686453473761157,
        0.345944819266609,
        0.5172349076220837,
        0.4040478150361621,
        0.4785110788337955,
        0.44318194104368513,
        0.36733010726425686,
        0.4347108432837524,
        0.46805586036578983,
        0.4380629893525848,
        0.39857052084186473,
        0.4913189312291267,
        0.5175268300390226,
        0.3802240203704413,
        0.3934962108371883,
        0.5182990113691763,
        0.37827627717893536,
        0.4926630710053178,
        0.38550952037788805,
        0.448425529012397,
        0.26052060721839776,
        0.39815217689744553,
        0.497503795292843,
        0.4410493389994417,
        0.4111822937090318,
        0.2760298548191801,
        0.5182558487905022,
        0.43084455502847563,
        0.4893249454549906,
        0.4149579349143804,
        0.42112259249964473,
        0.6454023751005729,
        0.37716302909670735
    ],
    "cost": [
        0.012563862501228842,
        2.798464130130649,
        0.019858871014072355,
        0.05579990371939984,
        0.03658103626872151,
        0.02181185540346801,
        0.016266126738894684,
        0.015027579763374429,
        0.05907041615922102,
        0.015320856419315049,
        0.015221732911959787,
        0.014675986685972692,
        0.027371029203417923,
        0.010665542151092756,
        0.018815284354591916,
        0.04433287741458502,
        0.03583103886380171,
        0.02474035474263873,
        0.04329141564482954,
        0.017793600432648746,
        0.027827650630085958,
        0.05732871291240575,
        0.01531444986065703,
        0.017548094570746287,
        0.03026237637535447,
        0.019097073634820654,
        0.03107153972809821,
        0.021746557983803944,
        0.011867056036090808,
        0.06556964186899598,
        0.015735704419766815,
        0.037014457035027745,
        0.02092477193303821,
        0.022249811502030047,
        0.020773250702173875,
        0.13160912771625327,
        0.040877173678416076,
        0.02198753082091915,
        0.02786449059210413,
        0.015496119944700338,
        0.040208124766527645,
        0.013716638878225468,
        0.018398439829154928,
        0.019937465828009593,
        0.03242831835032027,
        0.017581804994804932,
        0.05690240583517906,
        0.029526544257294757,
        0.018464656085351805,
        0.054540753324862815,
        0.02554347293951975,
        0.012515206279085945,
        0.05073121009865128,
        0.049905668062979046,
        0.01477644178426198,
        0.02508693477520853,
        0.017037217205434337,
        0.03692581371683966,
        0.013295354864927509,
        0.07951256980922634
    ]
}